listing_id,review_scores_rating,review_scores_accuracy,review_scores_cleanliness,review_scores_checkin,review_scores_communication,review_scores_location,review_scores_value
5858,98.0,10.0,10.0,10.0,10.0,10.0,9.0
8339,97.0,10.0,10.0,10.0,10.0,10.0,10.0
10820,89.0,9.0,9.0,10.0,9.0,9.0,9.0
12041,80.0,9.0,8.0,9.0,10.0,9.0,7.0
12522,98.0,10.0,10.0,10.0,10.0,10.0,10.0
12584,95.0,9.0,10.0,9.0,9.0,9.0,9.0
24723,96.0,10.0,10.0,10.0,10.0,10.0,10.0
25094,100.0,10.0,10.0,10.0,10.0,10.0,10.0
29373,98.0,10.0,10.0,10.0,10.0,9.0,10.0
32414,96.0,10.0,10.0,10.0,10.0,9.0,9.0
33578,99.0,10.0,10.0,10.0,10.0,10.0,10.0
39174,95.0,9.0,10.0,10.0,10.0,10.0,9.0
39418,98.0,10.0,10.0,10.0,10.0,10.0,9.0
40092,92.0,10.0,10.0,10.0,10.0,9.0,9.0
41055,94.0,10.0,9.0,10.0,10.0,10.0,10.0
41172,98.0,10.0,10.0,10.0,10.0,10.0,10.0
41399,96.0,10.0,10.0,10.0,10.0,9.0,9.0
41609,99.0,10.0,10.0,10.0,10.0,10.0,10.0
42577,80.0,5.0,8.0,10.0,8.0,7.0,8.0
45299,94.0,10.0,9.0,10.0,10.0,10.0,9.0
45956,96.0,10.0,10.0,10.0,9.0,10.0,9.0
51773,92.0,10.0,9.0,10.0,10.0,10.0,9.0
54634,94.0,9.0,9.0,10.0,10.0,10.0,9.0
57479,99.0,10.0,10.0,10.0,10.0,10.0,10.0
62519,97.0,10.0,10.0,10.0,10.0,10.0,10.0
62651,96.0,10.0,10.0,10.0,10.0,10.0,9.0
63247,94.0,10.0,9.0,10.0,9.0,10.0,9.0
66664,79.0,8.0,8.0,9.0,10.0,9.0,8.0
69410,98.0,10.0,10.0,10.0,10.0,10.0,10.0
75423,88.0,9.0,8.0,9.0,9.0,8.0,9.0
77932,83.0,8.0,8.0,9.0,9.0,8.0,8.0
78651,95.0,9.0,9.0,10.0,10.0,10.0,10.0
84777,95.0,10.0,10.0,10.0,10.0,10.0,10.0
96383,94.0,10.0,9.0,10.0,10.0,10.0,10.0
114401,97.0,10.0,10.0,10.0,10.0,10.0,10.0
134193,94.0,10.0,9.0,9.0,10.0,9.0,9.0
138619,93.0,10.0,9.0,10.0,10.0,10.0,10.0
138772,98.0,10.0,9.0,10.0,10.0,10.0,10.0
148559,99.0,10.0,9.0,10.0,10.0,10.0,10.0
148769,92.0,9.0,8.0,10.0,9.0,10.0,9.0
149108,100.0,10.0,10.0,10.0,10.0,10.0,10.0
166771,97.0,10.0,10.0,10.0,10.0,10.0,10.0
177137,97.0,10.0,10.0,10.0,10.0,9.0,10.0
183859,97.0,10.0,10.0,10.0,10.0,10.0,10.0
199480,99.0,10.0,10.0,10.0,10.0,10.0,10.0
201313,100.0,10.0,10.0,10.0,10.0,10.0,10.0
207980,96.0,10.0,9.0,10.0,10.0,10.0,10.0
208831,96.0,10.0,10.0,10.0,10.0,10.0,10.0
209514,94.0,10.0,10.0,10.0,10.0,10.0,10.0
212265,100.0,10.0,10.0,10.0,10.0,10.0,10.0
216042,99.0,10.0,10.0,10.0,10.0,10.0,10.0
229240,93.0,10.0,9.0,10.0,10.0,10.0,9.0
231129,88.0,9.0,9.0,9.0,9.0,10.0,9.0
232060,98.0,10.0,10.0,10.0,10.0,10.0,9.0
232492,96.0,10.0,9.0,10.0,10.0,9.0,9.0
238204,95.0,10.0,10.0,10.0,10.0,10.0,10.0
241235,93.0,9.0,9.0,10.0,10.0,10.0,9.0
259621,92.0,10.0,9.0,10.0,10.0,10.0,9.0
269371,95.0,10.0,9.0,10.0,10.0,10.0,9.0
271647,91.0,9.0,9.0,10.0,10.0,9.0,9.0
286311,96.0,10.0,10.0,10.0,10.0,10.0,9.0
295240,98.0,10.0,10.0,10.0,10.0,10.0,10.0
308885,89.0,9.0,9.0,9.0,10.0,9.0,9.0
314368,99.0,10.0,10.0,10.0,10.0,10.0,9.0
317078,88.0,9.0,7.0,10.0,10.0,10.0,9.0
325478,97.0,10.0,9.0,10.0,10.0,10.0,9.0
330535,94.0,10.0,9.0,9.0,9.0,10.0,9.0
348580,92.0,9.0,8.0,9.0,10.0,9.0,9.0
350479,96.0,10.0,9.0,10.0,10.0,10.0,9.0
351978,83.0,8.0,8.0,9.0,9.0,8.0,8.0
374997,95.0,9.0,9.0,10.0,10.0,10.0,9.0
379418,96.0,10.0,9.0,10.0,10.0,10.0,10.0
400433,99.0,10.0,10.0,10.0,10.0,10.0,10.0
408471,96.0,9.0,9.0,10.0,10.0,10.0,9.0
415498,96.0,10.0,9.0,10.0,10.0,10.0,9.0
420160,97.0,10.0,10.0,10.0,10.0,10.0,10.0
424846,99.0,10.0,10.0,10.0,10.0,10.0,10.0
430692,98.0,10.0,9.0,10.0,10.0,10.0,10.0
438940,95.0,10.0,9.0,10.0,10.0,10.0,10.0
442349,98.0,10.0,10.0,10.0,10.0,10.0,10.0
468490,93.0,9.0,10.0,10.0,9.0,10.0,8.0
468751,94.0,10.0,9.0,10.0,10.0,10.0,9.0
474107,97.0,10.0,10.0,10.0,10.0,10.0,10.0
479415,95.0,10.0,9.0,10.0,10.0,10.0,9.0
482592,96.0,10.0,10.0,10.0,10.0,10.0,9.0
485286,95.0,10.0,9.0,10.0,10.0,10.0,9.0
487019,89.0,9.0,9.0,10.0,10.0,9.0,9.0
494111,93.0,10.0,9.0,10.0,10.0,10.0,10.0
496226,94.0,10.0,9.0,10.0,10.0,9.0,9.0
503362,99.0,10.0,10.0,10.0,10.0,9.0,9.0
515430,96.0,10.0,10.0,10.0,10.0,10.0,9.0
516836,97.0,10.0,10.0,10.0,10.0,10.0,10.0
519796,99.0,10.0,10.0,10.0,10.0,10.0,10.0
529275,93.0,9.0,9.0,10.0,10.0,10.0,9.0
531151,99.0,10.0,10.0,10.0,10.0,9.0,9.0
555596,97.0,10.0,10.0,10.0,10.0,10.0,10.0
576018,99.0,10.0,10.0,10.0,10.0,10.0,10.0
578097,100.0,10.0,10.0,10.0,10.0,10.0,10.0
582335,100.0,10.0,10.0,10.0,10.0,10.0,9.0
585225,95.0,10.0,10.0,10.0,10.0,10.0,9.0
594387,98.0,10.0,10.0,10.0,10.0,10.0,10.0
604221,93.0,10.0,9.0,10.0,10.0,8.0,8.0
604843,100.0,10.0,9.0,10.0,10.0,10.0,10.0
604999,90.0,9.0,9.0,10.0,10.0,9.0,9.0
616204,92.0,9.0,9.0,10.0,10.0,9.0,9.0
631635,95.0,10.0,9.0,10.0,10.0,10.0,10.0
631735,94.0,10.0,9.0,10.0,9.0,7.0,9.0
640605,97.0,9.0,10.0,10.0,10.0,10.0,9.0
644091,99.0,10.0,10.0,10.0,10.0,10.0,10.0
648086,96.0,10.0,10.0,10.0,10.0,10.0,10.0
662754,100.0,10.0,10.0,10.0,10.0,10.0,10.0
677207,99.0,10.0,9.0,10.0,10.0,10.0,10.0
687430,86.0,9.0,8.0,9.0,9.0,8.0,9.0
691023,99.0,10.0,10.0,10.0,10.0,10.0,10.0
720811,95.0,10.0,10.0,10.0,10.0,10.0,10.0
738547,94.0,10.0,9.0,10.0,10.0,10.0,9.0
741327,72.0,8.0,8.0,7.0,7.0,8.0,7.0
746079,97.0,10.0,10.0,10.0,10.0,10.0,10.0
748222,98.0,10.0,10.0,10.0,10.0,10.0,9.0
748256,98.0,10.0,10.0,10.0,10.0,10.0,10.0
752607,95.0,10.0,10.0,10.0,10.0,10.0,9.0
767506,96.0,10.0,9.0,10.0,10.0,10.0,9.0
779109,98.0,10.0,10.0,10.0,10.0,10.0,10.0
785901,93.0,10.0,9.0,10.0,10.0,10.0,10.0
792370,92.0,9.0,10.0,9.0,9.0,10.0,9.0
806199,99.0,10.0,10.0,10.0,10.0,10.0,9.0
810315,99.0,9.0,9.0,10.0,10.0,10.0,10.0
811374,94.0,8.0,8.0,10.0,10.0,10.0,10.0
829185,100.0,10.0,10.0,10.0,10.0,10.0,10.0
830330,93.0,10.0,10.0,10.0,10.0,10.0,9.0
830997,70.0,7.0,6.0,7.0,7.0,6.0,6.0
833149,88.0,9.0,8.0,10.0,9.0,10.0,8.0
837045,93.0,10.0,9.0,10.0,10.0,10.0,9.0
845502,93.0,9.0,10.0,8.0,9.0,10.0,9.0
851889,99.0,10.0,10.0,10.0,10.0,10.0,10.0
859336,97.0,10.0,10.0,10.0,10.0,10.0,9.0
862220,99.0,10.0,10.0,10.0,10.0,10.0,10.0
865873,96.0,10.0,9.0,10.0,10.0,10.0,9.0
870532,97.0,10.0,10.0,10.0,10.0,10.0,10.0
870705,97.0,10.0,10.0,10.0,10.0,10.0,10.0
878935,97.0,10.0,10.0,10.0,10.0,10.0,10.0
881105,93.0,10.0,10.0,10.0,9.0,10.0,9.0
884770,96.0,10.0,10.0,10.0,10.0,10.0,9.0
890875,91.0,9.0,9.0,10.0,10.0,10.0,9.0
905902,92.0,10.0,9.0,10.0,10.0,9.0,9.0
929468,95.0,10.0,10.0,10.0,10.0,10.0,9.0
930955,92.0,9.0,9.0,9.0,9.0,9.0,9.0
943851,100.0,10.0,10.0,10.0,9.0,9.0,9.0
945748,97.0,10.0,10.0,10.0,10.0,10.0,10.0
968046,95.0,9.0,10.0,10.0,10.0,9.0,9.0
980783,99.0,10.0,10.0,10.0,10.0,10.0,10.0
992530,90.0,9.0,8.0,9.0,10.0,10.0,8.0
992676,97.0,10.0,10.0,10.0,10.0,10.0,9.0
1003756,98.0,10.0,10.0,9.0,9.0,10.0,10.0
1011751,92.0,10.0,10.0,9.0,10.0,10.0,9.0
1015336,95.0,10.0,9.0,10.0,10.0,10.0,10.0
1016604,94.0,10.0,9.0,10.0,10.0,10.0,10.0
1017799,92.0,9.0,9.0,10.0,9.0,10.0,9.0
1037251,86.0,9.0,9.0,9.0,9.0,8.0,8.0
1069167,95.0,10.0,10.0,10.0,10.0,10.0,10.0
1076743,99.0,10.0,10.0,10.0,10.0,10.0,10.0
1080408,99.0,10.0,10.0,10.0,10.0,10.0,10.0
1083810,97.0,10.0,10.0,10.0,10.0,10.0,9.0
1084068,93.0,10.0,10.0,10.0,10.0,8.0,8.0
1098003,100.0,10.0,10.0,10.0,10.0,10.0,10.0
1106534,95.0,10.0,10.0,10.0,10.0,9.0,10.0
1109534,100.0,10.0,10.0,10.0,10.0,10.0,10.0
1110001,98.0,10.0,10.0,10.0,10.0,10.0,10.0
1138420,96.0,10.0,10.0,10.0,9.0,10.0,9.0
1138764,99.0,10.0,9.0,10.0,10.0,10.0,9.0
1142101,91.0,9.0,9.0,10.0,10.0,9.0,9.0
1148625,98.0,10.0,10.0,10.0,10.0,10.0,10.0
1150867,97.0,10.0,10.0,10.0,9.0,10.0,9.0
1151864,100.0,10.0,10.0,10.0,10.0,10.0,10.0
1159284,95.0,10.0,10.0,10.0,10.0,10.0,10.0
1174214,97.0,10.0,10.0,10.0,10.0,10.0,9.0
1174758,100.0,10.0,10.0,10.0,10.0,10.0,9.0
1180103,93.0,9.0,9.0,10.0,10.0,9.0,9.0
1182465,96.0,10.0,9.0,10.0,10.0,10.0,10.0
1198464,93.0,10.0,10.0,10.0,10.0,10.0,10.0
1200068,98.0,10.0,10.0,10.0,10.0,9.0,10.0
1201159,99.0,10.0,10.0,10.0,10.0,10.0,10.0
1202686,88.0,9.0,9.0,10.0,10.0,9.0,9.0
1203062,99.0,10.0,10.0,10.0,10.0,10.0,10.0
1206184,86.0,9.0,8.0,10.0,10.0,10.0,9.0
1209893,96.0,10.0,10.0,9.0,10.0,10.0,9.0
1223704,96.0,10.0,9.0,10.0,10.0,9.0,9.0
1241029,98.0,10.0,10.0,10.0,10.0,10.0,10.0
1247160,75.0,7.0,7.0,9.0,9.0,9.0,7.0
1247276,89.0,10.0,9.0,9.0,9.0,9.0,9.0
1249046,92.0,10.0,10.0,10.0,9.0,8.0,9.0
1281132,99.0,10.0,10.0,10.0,10.0,10.0,10.0
1286943,100.0,10.0,10.0,10.0,10.0,10.0,10.0
1290935,100.0,10.0,9.0,10.0,10.0,10.0,10.0
1292217,97.0,7.0,9.0,10.0,10.0,10.0,9.0
1299242,95.0,10.0,10.0,9.0,10.0,10.0,9.0
1304068,98.0,10.0,10.0,10.0,10.0,10.0,10.0
1304808,95.0,10.0,10.0,10.0,10.0,10.0,9.0
1309496,100.0,10.0,10.0,10.0,10.0,10.0,10.0
1317908,98.0,10.0,10.0,10.0,10.0,10.0,10.0
1324086,98.0,10.0,10.0,9.0,10.0,10.0,9.0
1328186,100.0,10.0,10.0,10.0,10.0,10.0,10.0
1332343,99.0,10.0,10.0,10.0,10.0,10.0,10.0
1336450,95.0,10.0,9.0,10.0,10.0,9.0,9.0
1344243,92.0,10.0,10.0,10.0,10.0,10.0,9.0
1351626,93.0,10.0,10.0,10.0,9.0,9.0,9.0
1355744,98.0,10.0,10.0,10.0,10.0,10.0,10.0
1356129,95.0,10.0,10.0,10.0,10.0,10.0,9.0
1391982,91.0,9.0,9.0,10.0,10.0,9.0,9.0
1392204,97.0,10.0,10.0,10.0,10.0,9.0,10.0
1405046,100.0,10.0,10.0,10.0,10.0,9.0,9.0
1407244,97.0,10.0,9.0,10.0,10.0,10.0,9.0
1408281,98.0,10.0,10.0,10.0,10.0,10.0,10.0
1409218,97.0,10.0,10.0,10.0,10.0,9.0,9.0
1421937,98.0,10.0,10.0,10.0,10.0,10.0,10.0
1429022,93.0,10.0,10.0,10.0,10.0,10.0,9.0
1433917,98.0,10.0,10.0,10.0,10.0,10.0,10.0
1434425,97.0,10.0,9.0,10.0,10.0,10.0,9.0
1438864,97.0,10.0,10.0,10.0,10.0,10.0,9.0
1456153,95.0,10.0,10.0,10.0,10.0,9.0,9.0
1460174,99.0,10.0,10.0,10.0,10.0,10.0,10.0
1466344,100.0,10.0,10.0,9.0,10.0,10.0,8.0
1472743,98.0,10.0,10.0,10.0,10.0,10.0,9.0
1478708,98.0,10.0,9.0,10.0,10.0,10.0,10.0
1482273,98.0,10.0,10.0,10.0,10.0,10.0,9.0
1525886,100.0,10.0,10.0,10.0,10.0,10.0,10.0
1530745,98.0,10.0,10.0,10.0,10.0,10.0,10.0
1537497,96.0,10.0,10.0,10.0,10.0,10.0,9.0
1598872,99.0,10.0,10.0,10.0,10.0,10.0,10.0
1618782,100.0,10.0,10.0,10.0,10.0,10.0,10.0
1633225,89.0,10.0,9.0,10.0,10.0,9.0,9.0
1633839,96.0,10.0,10.0,10.0,10.0,10.0,10.0
1633933,99.0,10.0,10.0,10.0,10.0,10.0,10.0
1636810,96.0,10.0,10.0,10.0,10.0,9.0,9.0
1645724,88.0,9.0,9.0,10.0,10.0,8.0,9.0
1667732,99.0,10.0,10.0,10.0,10.0,10.0,10.0
1671260,100.0,10.0,10.0,10.0,10.0,10.0,10.0
1673011,99.0,10.0,10.0,10.0,10.0,10.0,9.0
1711075,100.0,8.0,10.0,10.0,10.0,8.0,6.0
1721354,100.0,10.0,10.0,10.0,10.0,10.0,9.0
1724819,98.0,10.0,10.0,10.0,10.0,10.0,10.0
1725853,96.0,10.0,10.0,10.0,10.0,10.0,9.0
1738415,98.0,10.0,10.0,10.0,10.0,10.0,10.0
1750093,97.0,10.0,10.0,10.0,10.0,10.0,10.0
1769688,99.0,10.0,10.0,10.0,10.0,10.0,10.0
1774026,93.0,9.0,9.0,10.0,10.0,10.0,9.0
1778650,94.0,10.0,9.0,10.0,10.0,10.0,9.0
1827653,99.0,10.0,10.0,10.0,10.0,10.0,10.0
1830541,98.0,10.0,10.0,10.0,10.0,10.0,10.0
1841832,95.0,10.0,10.0,10.0,10.0,10.0,9.0
1844117,98.0,9.0,9.0,10.0,10.0,10.0,10.0
1851403,93.0,9.0,9.0,9.0,10.0,9.0,9.0
1855096,99.0,10.0,10.0,10.0,10.0,10.0,10.0
1857226,94.0,10.0,9.0,10.0,10.0,9.0,9.0
1887206,95.0,10.0,9.0,10.0,10.0,8.0,9.0
1906323,100.0,10.0,10.0,10.0,10.0,10.0,10.0
1907229,95.0,10.0,10.0,10.0,10.0,10.0,9.0
1925714,98.0,10.0,10.0,10.0,10.0,10.0,9.0
1931763,93.0,10.0,10.0,10.0,10.0,10.0,10.0
1932019,99.0,10.0,10.0,10.0,10.0,10.0,10.0
1944564,99.0,10.0,10.0,10.0,10.0,10.0,10.0
1970257,99.0,10.0,10.0,10.0,10.0,10.0,10.0
1985338,97.0,10.0,10.0,10.0,10.0,10.0,10.0
2023326,100.0,10.0,10.0,10.0,10.0,9.0,10.0
2042095,97.0,10.0,10.0,10.0,10.0,10.0,10.0
2047469,95.0,10.0,10.0,10.0,10.0,9.0,10.0
2063077,98.0,10.0,9.0,10.0,10.0,10.0,10.0
2074584,96.0,10.0,10.0,10.0,10.0,9.0,9.0
2088622,95.0,10.0,10.0,10.0,10.0,9.0,9.0
2104437,95.0,9.0,9.0,9.0,10.0,10.0,9.0
2124182,97.0,10.0,10.0,10.0,10.0,10.0,9.0
2126868,95.0,10.0,10.0,10.0,10.0,10.0,10.0
2130640,98.0,10.0,10.0,10.0,10.0,10.0,10.0
2134475,98.0,10.0,10.0,10.0,10.0,10.0,9.0
2135871,96.0,10.0,9.0,10.0,10.0,10.0,10.0
2139562,92.0,10.0,9.0,10.0,10.0,10.0,9.0
2160504,97.0,10.0,10.0,10.0,10.0,10.0,10.0
2175930,98.0,10.0,10.0,10.0,10.0,10.0,10.0
2178509,98.0,10.0,10.0,10.0,10.0,10.0,10.0
2202505,91.0,10.0,8.0,10.0,10.0,10.0,9.0
2203283,96.0,10.0,9.0,10.0,10.0,10.0,9.0
2221057,98.0,10.0,10.0,10.0,10.0,10.0,10.0
2272343,95.0,10.0,9.0,10.0,10.0,10.0,9.0
2302408,97.0,10.0,10.0,10.0,10.0,10.0,10.0
2340335,95.0,9.0,10.0,10.0,10.0,9.0,9.0
2362619,97.0,10.0,10.0,10.0,10.0,10.0,10.0
2374267,100.0,10.0,10.0,10.0,10.0,10.0,10.0
2387068,97.0,10.0,10.0,10.0,10.0,10.0,10.0
2391772,87.0,9.0,8.0,9.0,9.0,10.0,8.0
2412158,93.0,10.0,9.0,10.0,10.0,10.0,9.0
2460904,93.0,10.0,9.0,10.0,10.0,9.0,10.0
2465543,97.0,10.0,10.0,10.0,10.0,10.0,10.0
2488520,99.0,10.0,10.0,10.0,10.0,9.0,10.0
2502368,97.0,10.0,10.0,10.0,10.0,9.0,9.0
2516026,93.0,10.0,10.0,9.0,10.0,10.0,9.0
2532756,82.0,9.0,9.0,9.0,9.0,9.0,8.0
2545771,100.0,10.0,10.0,10.0,10.0,10.0,10.0
2551994,97.0,9.0,10.0,10.0,10.0,10.0,9.0
2558763,98.0,10.0,10.0,10.0,10.0,10.0,10.0
2594714,93.0,10.0,9.0,9.0,9.0,9.0,9.0
2657854,88.0,10.0,9.0,9.0,9.0,10.0,10.0
2683857,95.0,10.0,10.0,10.0,10.0,9.0,9.0
2723005,99.0,10.0,10.0,10.0,10.0,10.0,9.0
2738331,93.0,10.0,9.0,10.0,10.0,10.0,9.0
2747383,96.0,10.0,10.0,10.0,10.0,10.0,9.0
2802418,95.0,10.0,10.0,10.0,10.0,10.0,9.0
2802480,95.0,10.0,10.0,10.0,10.0,10.0,9.0
2804417,99.0,10.0,10.0,10.0,10.0,9.0,9.0
2816626,100.0,10.0,10.0,10.0,10.0,10.0,10.0
2823227,96.0,10.0,10.0,10.0,10.0,10.0,10.0
2890120,96.0,10.0,9.0,10.0,10.0,10.0,9.0
2933105,98.0,10.0,10.0,10.0,10.0,10.0,10.0
2942149,98.0,10.0,10.0,10.0,10.0,10.0,10.0
2950592,100.0,10.0,10.0,10.0,10.0,9.0,10.0
2970253,100.0,10.0,10.0,10.0,10.0,10.0,10.0
3013427,98.0,10.0,10.0,10.0,10.0,10.0,10.0
3013520,87.0,10.0,9.0,10.0,10.0,9.0,9.0
3015450,97.0,10.0,10.0,10.0,10.0,10.0,10.0
3028924,99.0,10.0,10.0,10.0,10.0,9.0,10.0
3042811,100.0,10.0,10.0,10.0,10.0,10.0,10.0
3043102,94.0,10.0,10.0,10.0,10.0,10.0,9.0
3068285,60.0,10.0,10.0,6.0,8.0,10.0,6.0
3079929,99.0,10.0,10.0,10.0,10.0,10.0,10.0
3081324,94.0,10.0,9.0,10.0,10.0,9.0,9.0
3081560,100.0,10.0,10.0,10.0,10.0,10.0,10.0
3105361,96.0,10.0,9.0,10.0,10.0,10.0,9.0
3112427,97.0,10.0,10.0,10.0,10.0,10.0,10.0
3115424,100.0,10.0,10.0,10.0,10.0,10.0,10.0
3116428,96.0,10.0,10.0,10.0,10.0,10.0,9.0
3133266,98.0,10.0,10.0,10.0,10.0,10.0,9.0
3157463,99.0,10.0,10.0,10.0,10.0,10.0,10.0
3157541,96.0,10.0,10.0,10.0,10.0,10.0,10.0
3183280,99.0,10.0,10.0,10.0,10.0,10.0,9.0
3200431,96.0,10.0,9.0,10.0,10.0,10.0,9.0
3205059,96.0,10.0,10.0,10.0,10.0,10.0,9.0
3218306,98.0,10.0,10.0,10.0,10.0,10.0,10.0
3221082,96.0,10.0,10.0,10.0,10.0,10.0,10.0
3256704,85.0,9.0,9.0,9.0,9.0,9.0,9.0
3262216,100.0,10.0,10.0,10.0,10.0,9.0,10.0
3292643,99.0,10.0,10.0,10.0,10.0,10.0,9.0
3319447,97.0,10.0,10.0,10.0,10.0,10.0,9.0
3324760,96.0,9.0,10.0,10.0,10.0,10.0,9.0
3354004,91.0,10.0,9.0,10.0,9.0,10.0,9.0
3376512,97.0,10.0,10.0,10.0,10.0,9.0,9.0
3384413,96.0,10.0,10.0,10.0,10.0,10.0,9.0
3402610,98.0,10.0,10.0,10.0,10.0,10.0,9.0
3441949,100.0,10.0,10.0,10.0,10.0,10.0,10.0
3442439,99.0,10.0,10.0,10.0,10.0,10.0,10.0
3476601,100.0,9.0,10.0,10.0,10.0,10.0,9.0
3482655,93.0,10.0,10.0,9.0,10.0,10.0,9.0
3522990,98.0,10.0,10.0,10.0,10.0,10.0,10.0
3563261,94.0,10.0,10.0,10.0,10.0,10.0,9.0
3712976,98.0,10.0,10.0,10.0,10.0,10.0,10.0
3719923,99.0,10.0,10.0,10.0,10.0,10.0,10.0
3759246,94.0,10.0,10.0,10.0,10.0,10.0,10.0
3780418,98.0,10.0,10.0,10.0,10.0,9.0,9.0
3791003,93.0,9.0,9.0,10.0,10.0,10.0,9.0
3811916,97.0,10.0,10.0,10.0,10.0,10.0,10.0
3812931,99.0,10.0,10.0,10.0,10.0,10.0,10.0
3852803,99.0,10.0,10.0,10.0,10.0,10.0,10.0
3862478,100.0,10.0,10.0,10.0,10.0,10.0,10.0
3877462,99.0,10.0,10.0,10.0,10.0,10.0,10.0
3896205,95.0,10.0,10.0,10.0,10.0,10.0,9.0
3944915,84.0,8.0,9.0,9.0,10.0,9.0,9.0
3962831,97.0,10.0,10.0,10.0,10.0,10.0,9.0
3994686,97.0,10.0,10.0,10.0,10.0,10.0,9.0
4013746,97.0,10.0,9.0,10.0,10.0,9.0,9.0
4023249,92.0,10.0,10.0,10.0,10.0,10.0,9.0
4023585,91.0,9.0,8.0,10.0,9.0,8.0,8.0
4026354,93.0,9.0,10.0,10.0,10.0,10.0,9.0
4037590,100.0,10.0,10.0,10.0,10.0,10.0,8.0
4075971,98.0,10.0,10.0,10.0,10.0,9.0,10.0
4077186,94.0,10.0,10.0,10.0,10.0,9.0,9.0
4093807,99.0,10.0,10.0,10.0,10.0,10.0,10.0
4093967,98.0,10.0,10.0,10.0,10.0,10.0,10.0
4097700,98.0,10.0,10.0,10.0,10.0,10.0,9.0
4100473,95.0,10.0,9.0,10.0,10.0,10.0,9.0
4122671,99.0,10.0,10.0,10.0,10.0,10.0,10.0
4135201,98.0,10.0,10.0,10.0,10.0,10.0,9.0
4242823,96.0,10.0,10.0,10.0,10.0,10.0,10.0
4250927,100.0,10.0,10.0,10.0,10.0,10.0,10.0
4259418,87.0,9.0,9.0,9.0,9.0,9.0,9.0
4319230,100.0,10.0,9.0,10.0,10.0,10.0,10.0
4358868,100.0,10.0,10.0,10.0,10.0,10.0,9.0
4372435,94.0,10.0,9.0,10.0,10.0,9.0,9.0
4402199,99.0,10.0,10.0,10.0,10.0,10.0,10.0
4416566,91.0,10.0,9.0,9.0,9.0,9.0,9.0
4483550,100.0,10.0,10.0,10.0,10.0,10.0,10.0
4493744,96.0,10.0,10.0,10.0,10.0,9.0,9.0
4510968,88.0,10.0,9.0,10.0,9.0,10.0,9.0
4517932,97.0,10.0,10.0,10.0,10.0,10.0,9.0
4525604,98.0,10.0,10.0,10.0,10.0,10.0,10.0
4527553,98.0,10.0,10.0,10.0,10.0,10.0,9.0
4533440,99.0,10.0,10.0,10.0,10.0,10.0,10.0
4558898,99.0,10.0,10.0,10.0,10.0,10.0,10.0
4576288,92.0,9.0,9.0,10.0,10.0,10.0,9.0
4576349,85.0,10.0,9.0,10.0,10.0,10.0,9.0
4597675,100.0,10.0,10.0,10.0,10.0,10.0,10.0
4614763,99.0,10.0,10.0,10.0,10.0,10.0,10.0
4624467,98.0,10.0,10.0,10.0,10.0,10.0,10.0
4638678,88.0,9.0,10.0,10.0,9.0,10.0,10.0
4663060,96.0,10.0,10.0,10.0,10.0,10.0,10.0
4677343,100.0,10.0,9.0,10.0,10.0,10.0,9.0
4678599,100.0,10.0,10.0,10.0,10.0,10.0,10.0
4718531,99.0,10.0,10.0,10.0,10.0,10.0,10.0
4718629,94.0,10.0,9.0,10.0,10.0,10.0,9.0
4719139,100.0,10.0,9.0,10.0,10.0,10.0,10.0
4721013,90.0,10.0,9.0,9.0,10.0,10.0,9.0
4728615,88.0,9.0,9.0,10.0,9.0,10.0,10.0
4760192,95.0,9.0,9.0,10.0,10.0,9.0,9.0
4773944,98.0,10.0,10.0,10.0,10.0,10.0,10.0
4774742,97.0,10.0,10.0,10.0,10.0,10.0,10.0
4832436,100.0,10.0,10.0,10.0,10.0,10.0,10.0
4863182,100.0,10.0,10.0,10.0,10.0,10.0,10.0
4896087,93.0,10.0,10.0,10.0,10.0,10.0,9.0
4897595,97.0,9.0,10.0,10.0,10.0,10.0,10.0
4902907,89.0,10.0,9.0,10.0,10.0,9.0,9.0
4909117,91.0,9.0,10.0,10.0,10.0,9.0,9.0
4957143,99.0,10.0,10.0,10.0,10.0,10.0,10.0
4993804,97.0,10.0,10.0,10.0,10.0,10.0,9.0
5005798,97.0,10.0,10.0,10.0,9.0,10.0,9.0
5013816,99.0,10.0,10.0,10.0,10.0,10.0,10.0
5069984,87.0,10.0,9.0,9.0,9.0,10.0,9.0
5070924,87.0,9.0,9.0,9.0,9.0,10.0,9.0
5076251,90.0,10.0,9.0,8.0,10.0,9.0,9.0
5086367,100.0,10.0,10.0,10.0,10.0,10.0,10.0
5117701,95.0,10.0,10.0,10.0,10.0,10.0,9.0
5154367,98.0,10.0,10.0,10.0,10.0,10.0,10.0
5174935,97.0,10.0,10.0,10.0,10.0,10.0,9.0
5195922,85.0,9.0,10.0,9.0,9.0,8.0,8.0
5212469,100.0,10.0,10.0,10.0,10.0,10.0,10.0
5217164,93.0,10.0,10.0,10.0,10.0,8.0,9.0
5286047,98.0,10.0,10.0,10.0,10.0,10.0,9.0
5286782,30.0,2.0,3.0,9.0,8.0,2.0,2.0
5327231,100.0,10.0,10.0,10.0,10.0,9.0,10.0
5548977,98.0,10.0,10.0,10.0,10.0,10.0,10.0
5577516,97.0,10.0,10.0,10.0,10.0,10.0,9.0
5592754,100.0,10.0,10.0,10.0,9.0,10.0,10.0
5615061,97.0,10.0,10.0,10.0,10.0,10.0,8.0
5749181,94.0,10.0,10.0,10.0,10.0,10.0,9.0
5788099,97.0,10.0,10.0,10.0,10.0,10.0,9.0
5846567,100.0,10.0,10.0,10.0,10.0,10.0,10.0
5852066,96.0,10.0,10.0,10.0,10.0,10.0,10.0
5853587,98.0,10.0,10.0,10.0,10.0,9.0,10.0
5891594,100.0,10.0,10.0,10.0,10.0,10.0,10.0
5905163,97.0,10.0,10.0,10.0,10.0,10.0,9.0
5918090,95.0,10.0,10.0,10.0,10.0,9.0,9.0
5919500,99.0,10.0,10.0,10.0,10.0,10.0,9.0
5990171,100.0,10.0,10.0,10.0,10.0,10.0,10.0
6006768,99.0,10.0,10.0,10.0,10.0,10.0,10.0
6015077,95.0,10.0,9.0,10.0,10.0,9.0,9.0
6016647,86.0,8.0,9.0,9.0,10.0,8.0,8.0
6045869,98.0,10.0,10.0,10.0,10.0,10.0,10.0
6072316,100.0,10.0,10.0,10.0,10.0,8.0,10.0
6074750,95.0,10.0,10.0,10.0,10.0,10.0,9.0
6092596,98.0,10.0,10.0,10.0,10.0,10.0,9.0
6107258,87.0,10.0,9.0,10.0,10.0,10.0,9.0
6107359,98.0,10.0,10.0,10.0,10.0,9.0,10.0
6108439,100.0,10.0,10.0,10.0,10.0,9.0,10.0
6117147,97.0,10.0,10.0,10.0,10.0,10.0,10.0
6119086,97.0,10.0,10.0,10.0,10.0,10.0,9.0
6120540,97.0,10.0,10.0,10.0,10.0,10.0,10.0
6132191,98.0,10.0,10.0,10.0,10.0,10.0,10.0
6163821,97.0,10.0,10.0,10.0,10.0,10.0,10.0
6168622,95.0,10.0,10.0,10.0,10.0,10.0,9.0
6195258,96.0,10.0,10.0,10.0,10.0,10.0,10.0
6214853,97.0,10.0,9.0,10.0,10.0,10.0,10.0
6257770,95.0,10.0,9.0,10.0,10.0,10.0,10.0
6272183,95.0,10.0,10.0,10.0,10.0,10.0,9.0
6301675,100.0,10.0,10.0,10.0,10.0,10.0,10.0
6316753,97.0,10.0,9.0,10.0,10.0,10.0,10.0
6329731,98.0,10.0,10.0,10.0,10.0,10.0,9.0
6331695,95.0,10.0,9.0,10.0,10.0,10.0,9.0
6344500,97.0,10.0,10.0,10.0,10.0,10.0,9.0
6376338,98.0,10.0,10.0,10.0,10.0,9.0,10.0
6481492,93.0,9.0,9.0,10.0,10.0,9.0,9.0
6526129,80.0,10.0,6.0,10.0,10.0,10.0,8.0
6526344,100.0,9.0,10.0,10.0,10.0,10.0,8.0
6529234,97.0,10.0,10.0,10.0,10.0,10.0,9.0
6543813,99.0,10.0,10.0,10.0,10.0,10.0,10.0
6557736,97.0,10.0,10.0,10.0,10.0,10.0,9.0
6587558,100.0,10.0,10.0,10.0,10.0,10.0,10.0
6604799,99.0,10.0,10.0,10.0,10.0,10.0,9.0
6628985,96.0,10.0,10.0,10.0,10.0,10.0,10.0
6662231,87.0,9.0,9.0,10.0,9.0,9.0,10.0
6713990,98.0,10.0,9.0,10.0,10.0,10.0,10.0
6727254,96.0,10.0,9.0,10.0,10.0,10.0,9.0
6784032,100.0,10.0,10.0,10.0,10.0,10.0,9.0
6800168,96.0,10.0,10.0,10.0,10.0,10.0,9.0
6836411,99.0,10.0,10.0,9.0,10.0,10.0,9.0
6836928,94.0,10.0,10.0,10.0,10.0,9.0,9.0
6864929,100.0,10.0,10.0,10.0,10.0,10.0,9.0
6870420,100.0,10.0,10.0,10.0,10.0,10.0,10.0
6883183,98.0,10.0,10.0,10.0,10.0,10.0,10.0
6884454,100.0,9.0,10.0,10.0,10.0,10.0,10.0
6885422,98.0,9.0,9.0,10.0,10.0,10.0,9.0
6887043,100.0,10.0,10.0,10.0,10.0,10.0,10.0
6887081,98.0,10.0,10.0,10.0,10.0,10.0,9.0
6922612,97.0,10.0,10.0,10.0,10.0,10.0,10.0
6926901,99.0,10.0,10.0,10.0,10.0,10.0,10.0
6934874,96.0,10.0,10.0,10.0,10.0,9.0,9.0
6938818,94.0,10.0,10.0,10.0,10.0,10.0,9.0
6968158,98.0,10.0,10.0,10.0,10.0,10.0,9.0
6970746,98.0,10.0,10.0,10.0,10.0,10.0,10.0
6973383,99.0,10.0,9.0,10.0,10.0,10.0,10.0
6985131,96.0,10.0,10.0,10.0,10.0,10.0,10.0
6993593,99.0,10.0,10.0,10.0,10.0,10.0,10.0
7003729,100.0,10.0,10.0,10.0,10.0,10.0,10.0
7007759,99.0,10.0,10.0,10.0,10.0,9.0,9.0
7026287,99.0,10.0,10.0,10.0,10.0,10.0,10.0
7027139,98.0,10.0,10.0,10.0,10.0,10.0,10.0
7053220,100.0,10.0,8.0,10.0,10.0,10.0,10.0
7055126,98.0,10.0,10.0,10.0,10.0,10.0,10.0
7068804,98.0,10.0,9.0,10.0,10.0,10.0,10.0
7073115,99.0,10.0,10.0,10.0,10.0,10.0,10.0
7086626,99.0,10.0,10.0,10.0,10.0,10.0,10.0
7116305,85.0,9.0,8.0,9.0,9.0,10.0,8.0
7180020,100.0,10.0,10.0,10.0,10.0,10.0,10.0
7181279,91.0,9.0,9.0,10.0,10.0,9.0,9.0
7181655,95.0,10.0,10.0,10.0,10.0,10.0,9.0
7182761,99.0,10.0,10.0,10.0,10.0,10.0,10.0
7196412,94.0,10.0,9.0,10.0,10.0,10.0,9.0
7202063,98.0,10.0,10.0,9.0,10.0,9.0,10.0
7222704,96.0,10.0,10.0,10.0,10.0,10.0,10.0
7226841,95.0,10.0,9.0,10.0,10.0,10.0,9.0
7227910,99.0,10.0,10.0,10.0,10.0,10.0,10.0
7247351,97.0,10.0,10.0,10.0,10.0,10.0,9.0
7247746,89.0,10.0,9.0,10.0,10.0,9.0,9.0
7259606,92.0,10.0,9.0,10.0,10.0,10.0,9.0
7309811,97.0,10.0,10.0,10.0,10.0,10.0,10.0
7323097,60.0,9.0,9.0,9.0,7.0,3.0,5.0
7343245,97.0,10.0,10.0,10.0,10.0,10.0,9.0
7402986,90.0,9.0,9.0,9.0,10.0,9.0,9.0
7421008,93.0,10.0,9.0,10.0,10.0,10.0,9.0
7437925,97.0,10.0,9.0,10.0,10.0,10.0,9.0
7478631,96.0,10.0,10.0,10.0,10.0,10.0,9.0
7483031,99.0,10.0,10.0,10.0,10.0,9.0,10.0
7493861,96.0,10.0,9.0,9.0,9.0,10.0,9.0
7514742,98.0,10.0,10.0,10.0,10.0,9.0,10.0
7544803,100.0,10.0,10.0,10.0,10.0,10.0,10.0
7549488,98.0,10.0,10.0,10.0,10.0,10.0,9.0
7558236,98.0,10.0,10.0,10.0,10.0,10.0,9.0
7650309,95.0,10.0,10.0,10.0,10.0,10.0,10.0
7665362,99.0,10.0,10.0,10.0,10.0,9.0,10.0
7681228,93.0,9.0,9.0,10.0,10.0,10.0,9.0
7689528,99.0,10.0,10.0,10.0,10.0,10.0,10.0
7699276,100.0,10.0,10.0,10.0,10.0,10.0,10.0
7699910,100.0,10.0,10.0,10.0,10.0,10.0,10.0
7715542,94.0,10.0,10.0,10.0,10.0,10.0,9.0
7726184,95.0,10.0,10.0,10.0,10.0,9.0,9.0
7764531,99.0,10.0,10.0,10.0,10.0,10.0,9.0
7810254,100.0,10.0,10.0,10.0,10.0,10.0,10.0
7825894,96.0,10.0,10.0,10.0,10.0,10.0,9.0
7840831,95.0,10.0,10.0,10.0,10.0,10.0,9.0
7842771,88.0,9.0,10.0,9.0,9.0,10.0,9.0
7845599,97.0,10.0,9.0,10.0,10.0,10.0,10.0
7854509,96.0,10.0,10.0,10.0,10.0,10.0,9.0
7856443,99.0,10.0,10.0,10.0,10.0,10.0,10.0
7884875,98.0,10.0,10.0,10.0,10.0,10.0,10.0
7930461,96.0,10.0,10.0,10.0,10.0,10.0,10.0
7933558,97.0,10.0,10.0,10.0,10.0,10.0,10.0
7939511,98.0,10.0,10.0,10.0,10.0,10.0,10.0
7963103,97.0,10.0,10.0,10.0,10.0,10.0,10.0
7972067,94.0,10.0,10.0,10.0,10.0,10.0,9.0
7973781,95.0,10.0,10.0,10.0,10.0,9.0,9.0
7975011,100.0,10.0,10.0,10.0,10.0,10.0,9.0
7982082,98.0,10.0,10.0,10.0,10.0,9.0,10.0
8030646,98.0,10.0,10.0,10.0,10.0,10.0,9.0
8041262,100.0,10.0,10.0,10.0,10.0,10.0,10.0
8048653,97.0,10.0,10.0,10.0,10.0,9.0,9.0
8051735,91.0,9.0,10.0,9.0,9.0,10.0,9.0
8053292,87.0,9.0,9.0,9.0,9.0,9.0,9.0
8053887,98.0,10.0,10.0,10.0,10.0,10.0,10.0
8055632,96.0,10.0,10.0,10.0,10.0,9.0,10.0
8071493,100.0,9.0,10.0,10.0,10.0,10.0,10.0
8101619,94.0,9.0,9.0,10.0,9.0,10.0,9.0
8105804,100.0,10.0,10.0,9.0,10.0,10.0,10.0
8117667,98.0,10.0,10.0,10.0,10.0,10.0,10.0
8151934,100.0,10.0,9.0,10.0,10.0,10.0,10.0
8155106,99.0,10.0,10.0,10.0,10.0,10.0,10.0
8164773,96.0,10.0,10.0,10.0,10.0,10.0,10.0
8167459,98.0,10.0,10.0,10.0,10.0,10.0,10.0
8184928,98.0,10.0,10.0,10.0,10.0,10.0,10.0
8202578,100.0,10.0,10.0,10.0,10.0,10.0,10.0
8221207,94.0,10.0,10.0,10.0,10.0,10.0,9.0
8272458,97.0,10.0,10.0,10.0,10.0,10.0,9.0
8287266,97.0,10.0,9.0,10.0,10.0,10.0,9.0
8290464,99.0,10.0,10.0,10.0,10.0,10.0,10.0
8328410,89.0,10.0,9.0,10.0,10.0,10.0,9.0
8336617,95.0,10.0,9.0,10.0,10.0,10.0,8.0
8338986,83.0,9.0,9.0,9.0,8.0,10.0,9.0
8351923,99.0,10.0,10.0,10.0,10.0,10.0,10.0
8353031,99.0,10.0,10.0,10.0,10.0,10.0,9.0
8464365,100.0,10.0,10.0,10.0,10.0,10.0,10.0
8472083,100.0,10.0,10.0,10.0,10.0,10.0,10.0
8489712,98.0,10.0,10.0,10.0,10.0,9.0,10.0
8542873,92.0,10.0,10.0,10.0,10.0,10.0,9.0
8557304,95.0,10.0,10.0,10.0,10.0,9.0,9.0
8565153,89.0,10.0,9.0,9.0,9.0,10.0,9.0
8568826,98.0,10.0,10.0,10.0,10.0,9.0,9.0
8576907,99.0,10.0,10.0,10.0,10.0,10.0,10.0
8595304,96.0,10.0,10.0,9.0,9.0,9.0,10.0
8653346,98.0,10.0,10.0,10.0,10.0,10.0,10.0
8655125,97.0,10.0,10.0,10.0,10.0,10.0,10.0
8717641,100.0,10.0,10.0,10.0,10.0,10.0,10.0
8793569,94.0,10.0,9.0,10.0,10.0,10.0,9.0
8799100,99.0,10.0,10.0,10.0,10.0,10.0,10.0
8848449,99.0,10.0,10.0,10.0,10.0,10.0,10.0
8907289,98.0,10.0,10.0,10.0,10.0,10.0,9.0
9051457,100.0,10.0,10.0,10.0,10.0,10.0,10.0
9063798,95.0,10.0,10.0,10.0,10.0,10.0,9.0
9108108,99.0,10.0,10.0,10.0,10.0,10.0,10.0
9110654,100.0,10.0,8.0,10.0,10.0,10.0,10.0
9150423,100.0,10.0,10.0,10.0,10.0,10.0,10.0
9150693,86.0,9.0,9.0,9.0,9.0,9.0,8.0
9187534,99.0,10.0,10.0,10.0,10.0,10.0,10.0
9216997,98.0,10.0,10.0,10.0,10.0,10.0,9.0
9231212,95.0,10.0,10.0,10.0,10.0,10.0,10.0
9258941,97.0,10.0,10.0,10.0,10.0,9.0,9.0
9295965,96.0,10.0,10.0,10.0,10.0,10.0,10.0
9298491,93.0,9.0,10.0,10.0,10.0,9.0,9.0
9309449,100.0,10.0,10.0,10.0,10.0,10.0,10.0
9316584,80.0,10.0,8.0,10.0,10.0,10.0,10.0
9402993,100.0,10.0,10.0,10.0,10.0,10.0,10.0
9451291,95.0,10.0,10.0,10.0,9.0,10.0,10.0
9488665,99.0,10.0,10.0,10.0,10.0,10.0,10.0
9489347,97.0,10.0,10.0,10.0,10.0,10.0,10.0
9497588,95.0,10.0,9.0,10.0,10.0,10.0,10.0
9504910,96.0,10.0,10.0,10.0,10.0,10.0,9.0
9532943,92.0,10.0,9.0,10.0,10.0,9.0,9.0
9587361,96.0,10.0,9.0,10.0,10.0,10.0,9.0
9605720,94.0,9.0,9.0,9.0,9.0,10.0,9.0
9611854,100.0,10.0,10.0,10.0,10.0,10.0,10.0
9683090,93.0,10.0,10.0,10.0,10.0,10.0,9.0
9730358,99.0,10.0,10.0,10.0,10.0,10.0,10.0
9735841,99.0,10.0,10.0,10.0,10.0,9.0,10.0
9779327,100.0,10.0,10.0,10.0,10.0,10.0,10.0
9841955,100.0,10.0,10.0,10.0,10.0,10.0,10.0
9882522,96.0,10.0,10.0,10.0,10.0,10.0,9.0
9903046,99.0,10.0,10.0,10.0,10.0,9.0,10.0
9910056,94.0,10.0,10.0,10.0,10.0,10.0,10.0
9926871,98.0,10.0,9.0,10.0,10.0,9.0,10.0
9937836,100.0,10.0,10.0,10.0,10.0,10.0,10.0
9974744,97.0,10.0,10.0,10.0,10.0,10.0,10.0
10058134,98.0,10.0,10.0,10.0,10.0,10.0,10.0
10067187,98.0,10.0,10.0,10.0,10.0,10.0,10.0
10071932,100.0,10.0,10.0,10.0,9.0,9.0,9.0
10088395,98.0,10.0,10.0,10.0,10.0,10.0,9.0
10099733,95.0,9.0,9.0,10.0,10.0,10.0,9.0
10105531,92.0,10.0,9.0,10.0,10.0,10.0,9.0
10137578,91.0,9.0,9.0,9.0,9.0,9.0,9.0
10149591,97.0,10.0,9.0,10.0,10.0,10.0,10.0
10162904,100.0,10.0,9.0,10.0,10.0,10.0,10.0
10199931,98.0,9.0,10.0,9.0,10.0,10.0,9.0
10227655,100.0,10.0,10.0,10.0,10.0,10.0,10.0
10280888,92.0,10.0,9.0,10.0,10.0,9.0,9.0
10321776,97.0,10.0,10.0,10.0,10.0,10.0,10.0
10347570,99.0,10.0,10.0,10.0,10.0,10.0,10.0
10362654,100.0,10.0,10.0,10.0,10.0,10.0,9.0
10369307,96.0,10.0,9.0,10.0,10.0,9.0,10.0
10385321,98.0,10.0,10.0,10.0,10.0,9.0,10.0
10393552,98.0,10.0,10.0,10.0,10.0,10.0,9.0
10406646,92.0,10.0,10.0,10.0,10.0,9.0,9.0
10409218,96.0,10.0,9.0,10.0,10.0,10.0,10.0
10437411,99.0,10.0,10.0,10.0,10.0,10.0,10.0
10454172,100.0,10.0,9.0,10.0,10.0,10.0,10.0
10455934,95.0,10.0,9.0,10.0,10.0,10.0,10.0
10477007,95.0,10.0,9.0,10.0,10.0,10.0,9.0
10545518,100.0,10.0,10.0,10.0,10.0,10.0,10.0
10567595,100.0,10.0,10.0,10.0,10.0,10.0,10.0
10578137,100.0,10.0,10.0,10.0,10.0,10.0,10.0
10603148,99.0,10.0,10.0,10.0,10.0,10.0,10.0
10608275,100.0,10.0,10.0,10.0,10.0,10.0,10.0
10616635,95.0,10.0,9.0,10.0,9.0,9.0,8.0
10681956,99.0,10.0,10.0,10.0,10.0,10.0,9.0
10706423,94.0,9.0,10.0,10.0,10.0,10.0,10.0
10729994,95.0,10.0,10.0,10.0,10.0,10.0,9.0
10789339,98.0,10.0,10.0,10.0,10.0,10.0,9.0
10808224,100.0,10.0,10.0,10.0,10.0,10.0,10.0
10812630,89.0,8.0,8.0,9.0,9.0,9.0,8.0
10813277,97.0,10.0,9.0,10.0,10.0,10.0,9.0
10829828,99.0,10.0,10.0,10.0,10.0,10.0,10.0
10835637,96.0,10.0,10.0,10.0,10.0,10.0,9.0
10840593,94.0,10.0,10.0,10.0,10.0,9.0,9.0
10859050,97.0,10.0,10.0,10.0,10.0,10.0,10.0
10862977,90.0,10.0,10.0,9.0,9.0,10.0,10.0
10863850,100.0,10.0,10.0,10.0,10.0,10.0,10.0
10864914,100.0,10.0,10.0,10.0,10.0,10.0,10.0
10883329,88.0,9.0,8.0,9.0,9.0,8.0,9.0
10886231,98.0,10.0,10.0,10.0,10.0,10.0,10.0
10889831,100.0,10.0,10.0,10.0,10.0,10.0,10.0
10897864,96.0,10.0,10.0,10.0,10.0,10.0,10.0
10925833,97.0,10.0,10.0,10.0,10.0,9.0,9.0
10943827,96.0,10.0,10.0,10.0,10.0,10.0,9.0
10989099,98.0,10.0,10.0,10.0,10.0,10.0,10.0
10992778,99.0,10.0,10.0,10.0,10.0,10.0,9.0
10998662,100.0,10.0,10.0,10.0,10.0,10.0,9.0
11013337,96.0,10.0,10.0,10.0,10.0,9.0,9.0
11075529,99.0,10.0,10.0,10.0,10.0,9.0,10.0
11122531,97.0,10.0,10.0,10.0,10.0,10.0,9.0
11163298,100.0,10.0,10.0,10.0,10.0,10.0,10.0
11181016,98.0,10.0,9.0,10.0,10.0,10.0,10.0
11183089,95.0,10.0,10.0,10.0,10.0,10.0,9.0
11190379,99.0,10.0,9.0,10.0,10.0,10.0,10.0
11225011,97.0,10.0,10.0,10.0,10.0,10.0,9.0
11228828,100.0,10.0,10.0,10.0,10.0,10.0,10.0
11241173,98.0,10.0,10.0,10.0,10.0,9.0,10.0
11259062,99.0,10.0,10.0,10.0,10.0,10.0,9.0
11315222,100.0,10.0,10.0,10.0,10.0,10.0,10.0
11345707,100.0,10.0,10.0,10.0,10.0,10.0,10.0
11437138,98.0,10.0,10.0,10.0,10.0,10.0,9.0
11437331,99.0,10.0,10.0,10.0,10.0,10.0,10.0
11437442,98.0,10.0,10.0,10.0,10.0,10.0,10.0
11439120,87.0,9.0,10.0,10.0,9.0,10.0,10.0
11439405,75.0,7.0,8.0,7.0,7.0,9.0,8.0
11474754,99.0,10.0,10.0,10.0,10.0,10.0,9.0
11494067,99.0,10.0,10.0,10.0,10.0,10.0,10.0
11556239,95.0,10.0,10.0,10.0,10.0,10.0,10.0
11636621,91.0,9.0,9.0,10.0,10.0,10.0,8.0
11719688,88.0,9.0,9.0,10.0,9.0,9.0,8.0
11775546,97.0,10.0,10.0,10.0,10.0,10.0,9.0
11798814,98.0,10.0,10.0,10.0,10.0,10.0,9.0
11834467,96.0,10.0,9.0,10.0,10.0,10.0,9.0
11886255,75.0,10.0,9.0,10.0,10.0,6.0,8.0
11911651,99.0,10.0,10.0,10.0,10.0,10.0,9.0
11939561,99.0,10.0,10.0,10.0,10.0,10.0,10.0
11947349,99.0,10.0,10.0,10.0,10.0,10.0,9.0
11949198,98.0,10.0,10.0,10.0,10.0,10.0,10.0
12004930,100.0,10.0,10.0,10.0,10.0,10.0,10.0
12041358,93.0,10.0,9.0,9.0,10.0,9.0,8.0
12057024,100.0,10.0,10.0,10.0,10.0,10.0,10.0
12088624,84.0,9.0,7.0,8.0,8.0,9.0,9.0
12137566,100.0,10.0,10.0,8.0,10.0,9.0,10.0
12156553,86.0,9.0,9.0,10.0,10.0,10.0,8.0
12172311,97.0,10.0,10.0,10.0,10.0,10.0,9.0
12176844,100.0,10.0,10.0,10.0,10.0,10.0,10.0
12228334,98.0,10.0,10.0,10.0,10.0,9.0,10.0
12253459,100.0,10.0,10.0,10.0,10.0,10.0,10.0
12270048,98.0,10.0,10.0,10.0,10.0,10.0,9.0
12288524,93.0,10.0,9.0,10.0,10.0,9.0,9.0
12368621,93.0,9.0,10.0,10.0,10.0,10.0,9.0
12429503,100.0,10.0,10.0,10.0,10.0,10.0,10.0
12463547,100.0,10.0,10.0,10.0,10.0,10.0,10.0
12484859,87.0,9.0,8.0,10.0,10.0,9.0,9.0
12511225,88.0,9.0,9.0,9.0,9.0,9.0,9.0
12562572,100.0,10.0,10.0,10.0,10.0,10.0,10.0
12614397,97.0,10.0,9.0,10.0,10.0,10.0,9.0
12677241,100.0,10.0,10.0,10.0,10.0,10.0,10.0
12725886,98.0,10.0,10.0,10.0,10.0,10.0,9.0
12780009,94.0,10.0,10.0,10.0,9.0,10.0,9.0
12797906,95.0,10.0,9.0,10.0,10.0,10.0,9.0
12857011,95.0,10.0,9.0,10.0,10.0,10.0,9.0
12857087,93.0,10.0,9.0,10.0,10.0,10.0,9.0
12857179,94.0,10.0,9.0,10.0,10.0,10.0,9.0
12866962,70.0,6.0,9.0,9.0,7.0,9.0,6.0
12954602,98.0,10.0,10.0,10.0,10.0,10.0,10.0
12964066,96.0,10.0,10.0,10.0,10.0,10.0,9.0
12987777,97.0,10.0,10.0,10.0,10.0,10.0,9.0
12999869,99.0,10.0,10.0,10.0,10.0,10.0,10.0
13016330,80.0,9.0,8.0,9.0,9.0,9.0,8.0
13061396,100.0,10.0,10.0,10.0,10.0,10.0,10.0
13066842,98.0,10.0,10.0,10.0,10.0,10.0,9.0
13127954,99.0,10.0,10.0,10.0,10.0,10.0,10.0
13128357,99.0,10.0,10.0,10.0,10.0,10.0,10.0
13149975,100.0,10.0,10.0,10.0,10.0,10.0,10.0
13153289,97.0,10.0,10.0,10.0,10.0,10.0,10.0
13171740,93.0,8.0,10.0,10.0,10.0,10.0,6.0
13201652,92.0,10.0,10.0,10.0,10.0,10.0,9.0
13219968,100.0,10.0,10.0,10.0,10.0,10.0,10.0
13264364,98.0,10.0,10.0,10.0,10.0,10.0,10.0
13284618,98.0,10.0,10.0,10.0,10.0,10.0,10.0
13293285,95.0,10.0,9.0,10.0,10.0,10.0,9.0
13427895,93.0,10.0,9.0,10.0,9.0,9.0,9.0
13443665,100.0,10.0,10.0,10.0,10.0,9.0,10.0
13497122,99.0,10.0,10.0,10.0,10.0,9.0,10.0
13516275,95.0,10.0,10.0,10.0,10.0,10.0,9.0
13530616,60.0,8.0,8.0,10.0,10.0,4.0,6.0
13574259,96.0,10.0,10.0,10.0,10.0,9.0,9.0
13579169,95.0,10.0,10.0,10.0,10.0,9.0,9.0
13585679,97.0,10.0,10.0,10.0,9.0,10.0,10.0
13603043,100.0,10.0,10.0,10.0,10.0,10.0,9.0
13618517,96.0,10.0,10.0,10.0,9.0,10.0,9.0
13654134,95.0,10.0,10.0,10.0,10.0,10.0,9.0
13687255,100.0,10.0,10.0,10.0,10.0,10.0,10.0
13714899,99.0,10.0,10.0,10.0,10.0,10.0,9.0
13734123,91.0,9.0,9.0,10.0,10.0,9.0,9.0
13735664,100.0,10.0,10.0,10.0,10.0,10.0,10.0
13789725,99.0,10.0,10.0,10.0,10.0,10.0,10.0
13796921,99.0,10.0,10.0,10.0,10.0,10.0,10.0
13803228,100.0,10.0,10.0,10.0,10.0,10.0,10.0
13806046,97.0,10.0,10.0,10.0,10.0,10.0,9.0
13845578,98.0,10.0,10.0,10.0,10.0,10.0,10.0
13883766,90.0,8.0,10.0,9.0,8.0,10.0,9.0
13899875,99.0,10.0,10.0,10.0,10.0,10.0,10.0
13999742,97.0,10.0,10.0,10.0,10.0,10.0,10.0
14057062,98.0,10.0,10.0,10.0,10.0,10.0,10.0
14166343,99.0,10.0,10.0,10.0,10.0,10.0,10.0
14197078,92.0,9.0,10.0,9.0,9.0,9.0,9.0
14214684,100.0,10.0,10.0,10.0,10.0,10.0,9.0
14255278,97.0,10.0,10.0,10.0,10.0,10.0,10.0
14265180,99.0,10.0,10.0,10.0,10.0,10.0,10.0
14352641,100.0,10.0,10.0,10.0,10.0,10.0,10.0
14358722,97.0,10.0,9.0,10.0,10.0,10.0,9.0
14388391,98.0,10.0,10.0,10.0,10.0,10.0,9.0
14406178,96.0,10.0,10.0,10.0,10.0,10.0,10.0
14475808,90.0,10.0,9.0,10.0,10.0,9.0,9.0
14487347,88.0,9.0,9.0,10.0,9.0,9.0,9.0
14490262,99.0,10.0,10.0,10.0,10.0,10.0,10.0
14505006,98.0,10.0,10.0,10.0,10.0,10.0,9.0
14553693,99.0,10.0,10.0,10.0,10.0,10.0,10.0
14577870,100.0,10.0,10.0,10.0,10.0,10.0,10.0
14606464,100.0,10.0,10.0,10.0,10.0,10.0,10.0
14611058,94.0,9.0,9.0,10.0,10.0,9.0,9.0
14611546,100.0,10.0,10.0,10.0,10.0,10.0,10.0
14654471,89.0,9.0,9.0,10.0,9.0,8.0,9.0
14673134,98.0,10.0,10.0,10.0,10.0,10.0,10.0
14712935,100.0,10.0,10.0,10.0,10.0,10.0,10.0
14727009,97.0,10.0,9.0,10.0,10.0,9.0,10.0
14745298,100.0,10.0,10.0,10.0,10.0,10.0,10.0
14763705,96.0,10.0,9.0,10.0,10.0,9.0,9.0
14775913,99.0,10.0,10.0,10.0,10.0,10.0,10.0
14804950,98.0,10.0,10.0,10.0,10.0,10.0,9.0
14845574,94.0,10.0,10.0,10.0,10.0,10.0,9.0
14887262,96.0,10.0,9.0,10.0,10.0,9.0,9.0
14896984,100.0,10.0,10.0,10.0,10.0,10.0,10.0
14907455,92.0,10.0,9.0,10.0,10.0,10.0,9.0
14913657,98.0,10.0,10.0,10.0,10.0,10.0,10.0
14934208,99.0,10.0,10.0,10.0,10.0,10.0,10.0
14938407,93.0,10.0,9.0,10.0,10.0,10.0,9.0
14948905,100.0,10.0,10.0,10.0,10.0,10.0,10.0
14963288,92.0,10.0,10.0,10.0,9.0,10.0,9.0
14983353,95.0,10.0,10.0,10.0,10.0,10.0,9.0
14996188,100.0,10.0,10.0,10.0,10.0,10.0,10.0
15005046,97.0,10.0,10.0,10.0,10.0,10.0,9.0
15055277,87.0,9.0,9.0,10.0,9.0,10.0,9.0
15075530,95.0,10.0,10.0,10.0,10.0,8.0,9.0
15111599,100.0,10.0,10.0,10.0,10.0,10.0,10.0
15132100,85.0,10.0,9.0,10.0,9.0,10.0,9.0
15150709,96.0,10.0,10.0,10.0,10.0,10.0,9.0
15162895,90.0,9.0,9.0,9.0,9.0,10.0,9.0
15176931,95.0,9.0,9.0,10.0,10.0,10.0,10.0
15189360,96.0,10.0,10.0,10.0,10.0,10.0,10.0
15220043,99.0,10.0,10.0,10.0,10.0,10.0,9.0
15258331,91.0,9.0,9.0,9.0,10.0,9.0,9.0
15267186,88.0,10.0,9.0,9.0,9.0,10.0,9.0
15269286,98.0,10.0,10.0,10.0,10.0,10.0,10.0
15270397,100.0,10.0,9.0,10.0,10.0,10.0,9.0
15282659,91.0,10.0,9.0,9.0,9.0,9.0,9.0
15286104,100.0,10.0,9.0,10.0,10.0,10.0,10.0
15297353,97.0,10.0,10.0,10.0,10.0,10.0,10.0
15314587,100.0,10.0,10.0,10.0,10.0,10.0,10.0
15330348,95.0,10.0,10.0,10.0,10.0,10.0,9.0
15343159,95.0,10.0,9.0,10.0,10.0,9.0,10.0
15346313,99.0,10.0,10.0,10.0,10.0,10.0,10.0
15346876,99.0,10.0,10.0,10.0,10.0,10.0,10.0
15363435,100.0,10.0,10.0,10.0,10.0,10.0,10.0
15377291,100.0,10.0,10.0,10.0,10.0,10.0,10.0
15393846,100.0,10.0,10.0,10.0,10.0,10.0,10.0
15394942,93.0,10.0,9.0,9.0,10.0,10.0,10.0
15412358,84.0,9.0,10.0,10.0,10.0,9.0,8.0
15471316,96.0,10.0,10.0,10.0,10.0,10.0,9.0
15478431,97.0,10.0,10.0,10.0,10.0,10.0,10.0
15521441,97.0,9.0,10.0,10.0,10.0,9.0,9.0
15523355,96.0,10.0,9.0,10.0,10.0,10.0,10.0
15564777,95.0,10.0,10.0,10.0,10.0,10.0,9.0
15597482,98.0,10.0,10.0,10.0,10.0,10.0,9.0
15604358,100.0,8.0,10.0,10.0,10.0,10.0,10.0
15619426,87.0,9.0,8.0,7.0,9.0,10.0,7.0
15621583,100.0,10.0,10.0,10.0,10.0,10.0,9.0
15643873,100.0,10.0,10.0,10.0,10.0,10.0,10.0
15675790,91.0,10.0,10.0,10.0,10.0,10.0,10.0
15675892,88.0,9.0,9.0,9.0,9.0,10.0,9.0
15677325,70.0,9.0,5.0,10.0,10.0,4.0,6.0
15716518,92.0,9.0,9.0,9.0,9.0,10.0,9.0
15732801,70.0,7.0,9.0,9.0,8.0,9.0,8.0
15775423,87.0,9.0,9.0,9.0,7.0,6.0,8.0
15776727,100.0,10.0,10.0,10.0,10.0,10.0,10.0
15822076,99.0,10.0,10.0,10.0,10.0,10.0,10.0
15824294,93.0,10.0,10.0,9.0,10.0,10.0,9.0
15830044,100.0,10.0,10.0,10.0,10.0,10.0,10.0
15843007,95.0,10.0,9.0,10.0,10.0,9.0,9.0
15870673,84.0,10.0,8.0,8.0,9.0,10.0,9.0
15871266,100.0,10.0,10.0,10.0,10.0,10.0,10.0
15876545,99.0,10.0,10.0,10.0,10.0,10.0,10.0
15916933,95.0,9.0,9.0,10.0,9.0,10.0,10.0
15939487,88.0,9.0,9.0,9.0,10.0,8.0,9.0
15957623,98.0,10.0,10.0,10.0,10.0,10.0,10.0
15957963,86.0,9.0,8.0,10.0,9.0,10.0,9.0
15985008,97.0,10.0,10.0,10.0,10.0,10.0,10.0
15987415,72.0,8.0,8.0,9.0,8.0,8.0,8.0
15999214,80.0,8.0,8.0,9.0,8.0,8.0,9.0
16017966,99.0,10.0,10.0,10.0,10.0,9.0,9.0
16018565,99.0,10.0,10.0,10.0,10.0,10.0,10.0
16043093,99.0,10.0,10.0,10.0,10.0,10.0,10.0
16051031,89.0,9.0,8.0,10.0,9.0,10.0,9.0
16073408,99.0,10.0,10.0,10.0,10.0,10.0,10.0
16137002,100.0,10.0,10.0,10.0,10.0,9.0,9.0
16162542,100.0,10.0,10.0,10.0,10.0,9.0,10.0
16162625,86.0,10.0,9.0,10.0,10.0,10.0,9.0
16162846,93.0,10.0,10.0,10.0,9.0,10.0,9.0
16176101,85.0,9.0,9.0,9.0,9.0,10.0,8.0
16178751,100.0,10.0,10.0,10.0,10.0,10.0,10.0
16179065,98.0,10.0,10.0,10.0,10.0,10.0,10.0
16256385,95.0,10.0,9.0,10.0,10.0,10.0,9.0
16297383,92.0,10.0,8.0,10.0,10.0,10.0,9.0
16305055,95.0,10.0,10.0,10.0,10.0,9.0,9.0
16348139,96.0,10.0,10.0,10.0,10.0,10.0,9.0
16362304,97.0,10.0,10.0,10.0,10.0,10.0,10.0
16406043,100.0,10.0,10.0,10.0,10.0,10.0,10.0
16435615,97.0,10.0,10.0,10.0,10.0,10.0,9.0
16488124,98.0,10.0,10.0,10.0,9.0,10.0,10.0
16516337,99.0,10.0,10.0,10.0,10.0,10.0,10.0
16542790,96.0,10.0,9.0,10.0,10.0,10.0,10.0
16556338,90.0,10.0,9.0,9.0,10.0,9.0,9.0
16569308,95.0,10.0,10.0,10.0,10.0,10.0,9.0
16570444,100.0,10.0,10.0,10.0,10.0,10.0,9.0
16649876,97.0,10.0,10.0,10.0,10.0,10.0,10.0
16652268,98.0,10.0,9.0,10.0,10.0,10.0,9.0
16653287,100.0,10.0,10.0,10.0,10.0,10.0,10.0
16706877,96.0,10.0,9.0,10.0,10.0,10.0,10.0
16710475,99.0,10.0,10.0,10.0,10.0,10.0,10.0
16742943,97.0,10.0,10.0,10.0,10.0,9.0,9.0
16778737,92.0,10.0,9.0,10.0,10.0,10.0,9.0
16779057,97.0,10.0,10.0,10.0,9.0,10.0,10.0
16824774,99.0,10.0,10.0,10.0,10.0,10.0,10.0
16839850,90.0,10.0,9.0,10.0,8.0,10.0,8.0
16839867,100.0,10.0,10.0,10.0,10.0,10.0,9.0
16897188,98.0,10.0,10.0,10.0,10.0,10.0,10.0
16897598,98.0,10.0,10.0,10.0,10.0,10.0,10.0
16909548,100.0,10.0,10.0,10.0,10.0,10.0,9.0
16933050,100.0,10.0,10.0,10.0,10.0,10.0,10.0
16944449,93.0,10.0,10.0,10.0,9.0,10.0,10.0
16944675,99.0,10.0,10.0,10.0,10.0,10.0,10.0
16975571,98.0,10.0,10.0,10.0,10.0,10.0,9.0
17011295,81.0,9.0,9.0,9.0,9.0,8.0,9.0
17029166,98.0,10.0,10.0,10.0,10.0,9.0,10.0
17120944,100.0,10.0,10.0,10.0,10.0,10.0,10.0
17120964,81.0,9.0,8.0,9.0,9.0,10.0,8.0
17222332,100.0,10.0,9.0,10.0,10.0,9.0,9.0
17237462,87.0,9.0,8.0,10.0,10.0,9.0,8.0
17238534,90.0,9.0,6.0,10.0,8.0,10.0,9.0
17254515,98.0,10.0,10.0,10.0,10.0,10.0,10.0
17267153,89.0,9.0,9.0,9.0,10.0,9.0,9.0
17287731,100.0,10.0,9.0,10.0,10.0,9.0,9.0
17288451,99.0,10.0,10.0,10.0,10.0,10.0,10.0
17343208,94.0,10.0,9.0,10.0,10.0,10.0,9.0
17345722,99.0,10.0,10.0,10.0,10.0,10.0,10.0
17382326,99.0,10.0,10.0,10.0,10.0,10.0,10.0
17402726,90.0,9.0,8.0,9.0,9.0,8.0,9.0
17421876,97.0,10.0,10.0,10.0,10.0,9.0,10.0
17424816,99.0,10.0,10.0,10.0,10.0,10.0,10.0
17430696,100.0,10.0,10.0,10.0,10.0,10.0,10.0
17433075,93.0,10.0,9.0,10.0,10.0,10.0,9.0
17444930,100.0,10.0,10.0,10.0,10.0,10.0,10.0
17501002,97.0,10.0,10.0,10.0,10.0,9.0,10.0
17543317,100.0,10.0,10.0,10.0,10.0,10.0,10.0
17592480,100.0,10.0,10.0,10.0,10.0,9.0,10.0
17593967,100.0,10.0,10.0,10.0,10.0,10.0,10.0
17624771,97.0,10.0,10.0,10.0,10.0,10.0,10.0
17642091,98.0,10.0,10.0,10.0,10.0,10.0,10.0
17652643,97.0,10.0,10.0,10.0,10.0,10.0,10.0
17654489,100.0,10.0,10.0,10.0,10.0,10.0,10.0
17695233,100.0,10.0,10.0,10.0,10.0,10.0,10.0
17723975,100.0,10.0,10.0,10.0,10.0,9.0,10.0
17731097,96.0,10.0,9.0,10.0,9.0,10.0,10.0
17734527,93.0,9.0,9.0,10.0,10.0,10.0,10.0
17794706,85.0,8.0,8.0,10.0,9.0,10.0,9.0
17794741,83.0,9.0,8.0,9.0,9.0,10.0,8.0
17794777,91.0,10.0,9.0,10.0,9.0,10.0,9.0
17794868,87.0,10.0,9.0,10.0,9.0,10.0,9.0
17807479,67.0,5.0,5.0,10.0,5.0,10.0,6.0
17811571,96.0,10.0,10.0,10.0,10.0,10.0,10.0
17826404,99.0,10.0,9.0,10.0,10.0,10.0,9.0
17833058,95.0,10.0,10.0,10.0,10.0,10.0,9.0
17841504,100.0,10.0,10.0,10.0,10.0,10.0,10.0
17847395,80.0,8.0,10.0,10.0,10.0,8.0,6.0
17925808,98.0,10.0,10.0,10.0,10.0,10.0,10.0
17944621,91.0,9.0,8.0,10.0,9.0,10.0,9.0
17958677,100.0,10.0,9.0,10.0,10.0,10.0,10.0
17973795,99.0,10.0,10.0,10.0,10.0,10.0,10.0
18021096,80.0,10.0,10.0,10.0,10.0,10.0,8.0
18022892,100.0,10.0,10.0,10.0,10.0,10.0,10.0
18059324,100.0,10.0,9.0,10.0,10.0,10.0,7.0
18069283,100.0,10.0,9.0,10.0,10.0,9.0,10.0
18094329,85.0,9.0,8.0,10.0,10.0,9.0,9.0
18109983,100.0,10.0,10.0,10.0,10.0,10.0,10.0
18120600,100.0,10.0,10.0,10.0,10.0,10.0,9.0
18123274,91.0,9.0,9.0,10.0,9.0,10.0,9.0
18139592,100.0,10.0,10.0,10.0,10.0,10.0,10.0
18156135,99.0,10.0,10.0,10.0,10.0,10.0,10.0
18184143,99.0,10.0,10.0,10.0,10.0,10.0,10.0
18209848,100.0,10.0,10.0,10.0,10.0,10.0,10.0
18209966,97.0,10.0,10.0,10.0,10.0,10.0,10.0
18221524,98.0,10.0,10.0,10.0,10.0,10.0,10.0
18231981,97.0,10.0,9.0,10.0,10.0,10.0,9.0
18314694,98.0,10.0,10.0,10.0,10.0,10.0,9.0
18333674,100.0,10.0,9.0,10.0,10.0,10.0,10.0
18343676,90.0,10.0,9.0,10.0,10.0,10.0,8.0
18355851,50.0,7.0,6.0,7.0,7.0,8.0,6.0
18397875,98.0,10.0,10.0,10.0,10.0,9.0,9.0
18431597,99.0,10.0,10.0,10.0,10.0,10.0,9.0
18450289,100.0,10.0,9.0,10.0,10.0,10.0,9.0
18459919,100.0,10.0,10.0,10.0,10.0,10.0,10.0
18470412,93.0,10.0,9.0,10.0,10.0,10.0,10.0
18473036,95.0,10.0,10.0,10.0,10.0,10.0,9.0
18474596,100.0,10.0,10.0,10.0,10.0,10.0,10.0
18492603,80.0,10.0,6.0,9.0,10.0,9.0,10.0
18507951,99.0,10.0,10.0,10.0,10.0,9.0,10.0
18529703,99.0,10.0,9.0,10.0,10.0,10.0,9.0
18545465,100.0,10.0,10.0,10.0,10.0,10.0,10.0
18548006,97.0,10.0,10.0,10.0,10.0,9.0,10.0
18567743,99.0,10.0,10.0,10.0,10.0,10.0,10.0
18593394,94.0,9.0,10.0,10.0,10.0,8.0,9.0
18615032,99.0,10.0,10.0,10.0,10.0,10.0,10.0
18672833,98.0,10.0,9.0,10.0,10.0,10.0,10.0
18675661,99.0,10.0,10.0,10.0,10.0,10.0,10.0
18690689,100.0,10.0,10.0,10.0,10.0,8.0,9.0
18737830,98.0,10.0,10.0,10.0,10.0,10.0,9.0
18753198,100.0,10.0,10.0,10.0,10.0,10.0,9.0
18754189,97.0,10.0,10.0,10.0,10.0,9.0,9.0
18757463,93.0,10.0,9.0,10.0,10.0,10.0,9.0
18757990,99.0,10.0,10.0,10.0,10.0,10.0,9.0
18771028,100.0,10.0,10.0,10.0,10.0,10.0,10.0
18773934,80.0,10.0,10.0,10.0,10.0,10.0,10.0
18785944,98.0,10.0,10.0,10.0,10.0,9.0,10.0
18804992,99.0,10.0,10.0,10.0,10.0,9.0,10.0
18809842,98.0,10.0,10.0,10.0,10.0,10.0,10.0
18810290,99.0,10.0,10.0,10.0,10.0,9.0,10.0
18841477,97.0,10.0,10.0,10.0,10.0,10.0,9.0
18856637,93.0,10.0,9.0,10.0,10.0,9.0,9.0
18856887,100.0,10.0,10.0,10.0,10.0,8.0,9.0
18874472,97.0,10.0,10.0,10.0,10.0,10.0,9.0
18874655,100.0,10.0,10.0,9.0,10.0,10.0,10.0
18878559,91.0,10.0,9.0,10.0,10.0,10.0,9.0
18898768,99.0,10.0,10.0,10.0,10.0,10.0,10.0
18900978,98.0,10.0,10.0,10.0,10.0,10.0,10.0
18916029,99.0,10.0,10.0,10.0,10.0,9.0,10.0
18928857,95.0,10.0,10.0,10.0,10.0,9.0,10.0
18981477,100.0,10.0,10.0,10.0,10.0,10.0,10.0
18999934,95.0,10.0,10.0,10.0,10.0,9.0,10.0
19014320,95.0,10.0,10.0,10.0,10.0,10.0,10.0
19039703,93.0,10.0,10.0,10.0,10.0,10.0,9.0
19050152,98.0,10.0,10.0,10.0,10.0,9.0,10.0
19105532,100.0,9.0,9.0,10.0,10.0,10.0,9.0
19140351,99.0,10.0,10.0,10.0,10.0,10.0,10.0
19150623,94.0,10.0,9.0,10.0,9.0,10.0,9.0
19163190,100.0,10.0,10.0,10.0,10.0,10.0,10.0
19180151,100.0,10.0,10.0,10.0,10.0,10.0,9.0
19240799,100.0,10.0,10.0,10.0,10.0,10.0,10.0
19270270,97.0,10.0,10.0,10.0,10.0,10.0,9.0
19285250,99.0,10.0,10.0,10.0,10.0,10.0,10.0
19304903,96.0,10.0,9.0,10.0,10.0,10.0,9.0
19307356,96.0,10.0,9.0,10.0,10.0,9.0,9.0
19315635,97.0,10.0,10.0,10.0,10.0,10.0,10.0
19328446,99.0,10.0,10.0,10.0,10.0,10.0,10.0
19329448,97.0,10.0,10.0,10.0,10.0,10.0,10.0
19331975,100.0,10.0,10.0,10.0,10.0,9.0,10.0
19348868,100.0,10.0,10.0,10.0,10.0,9.0,10.0
19363609,98.0,10.0,10.0,10.0,10.0,9.0,10.0
19365066,100.0,10.0,10.0,10.0,10.0,10.0,10.0
19404978,99.0,10.0,10.0,10.0,10.0,10.0,10.0
19416317,98.0,10.0,10.0,10.0,10.0,10.0,10.0
19438546,93.0,10.0,9.0,9.0,10.0,10.0,9.0
19478755,98.0,10.0,10.0,10.0,10.0,10.0,10.0
19499099,99.0,10.0,10.0,10.0,10.0,10.0,9.0
19506419,100.0,10.0,10.0,10.0,10.0,10.0,10.0
19570849,98.0,10.0,10.0,10.0,10.0,10.0,9.0
19570882,98.0,10.0,10.0,10.0,10.0,10.0,10.0
19573415,80.0,9.0,9.0,9.0,9.0,7.0,9.0
19588004,98.0,10.0,10.0,10.0,10.0,10.0,10.0
19626323,96.0,10.0,10.0,10.0,10.0,10.0,9.0
19658833,95.0,10.0,10.0,10.0,10.0,10.0,9.0
19659835,100.0,10.0,10.0,10.0,10.0,10.0,10.0
19680922,100.0,10.0,10.0,10.0,10.0,10.0,10.0
19714276,90.0,10.0,9.0,10.0,10.0,10.0,9.0
19721472,100.0,10.0,10.0,10.0,10.0,10.0,10.0
19753187,96.0,10.0,10.0,9.0,9.0,10.0,9.0
19764548,87.0,9.0,9.0,9.0,7.0,9.0,7.0
19829202,75.0,10.0,10.0,9.0,10.0,6.0,8.0
19907178,97.0,10.0,10.0,9.0,10.0,10.0,9.0
19924936,100.0,10.0,10.0,10.0,10.0,10.0,10.0
19934941,100.0,10.0,10.0,10.0,10.0,10.0,10.0
19946179,100.0,10.0,10.0,10.0,10.0,10.0,10.0
19954872,93.0,9.0,9.0,9.0,9.0,10.0,9.0
20002459,100.0,10.0,10.0,10.0,10.0,10.0,10.0
20002651,93.0,9.0,7.0,10.0,10.0,10.0,9.0
20070540,90.0,9.0,9.0,9.0,9.0,9.0,9.0
20121178,90.0,9.0,9.0,10.0,9.0,9.0,8.0
20121182,87.0,9.0,8.0,7.0,9.0,10.0,7.0
20121980,87.0,8.0,8.0,10.0,9.0,10.0,9.0
20121985,80.0,8.0,10.0,9.0,7.0,9.0,9.0
20155597,99.0,10.0,10.0,10.0,10.0,10.0,9.0
20155822,100.0,10.0,10.0,10.0,10.0,10.0,10.0
20173537,90.0,10.0,9.0,10.0,10.0,9.0,9.0
20243725,100.0,10.0,10.0,10.0,10.0,10.0,10.0
20258481,94.0,10.0,9.0,10.0,10.0,9.0,9.0
20281663,100.0,10.0,10.0,10.0,10.0,10.0,9.0
20286823,100.0,10.0,10.0,10.0,10.0,10.0,10.0
20306428,100.0,10.0,10.0,10.0,10.0,10.0,9.0
20364980,94.0,10.0,10.0,10.0,10.0,8.0,10.0
20367610,99.0,10.0,10.0,10.0,10.0,9.0,10.0
20386464,98.0,10.0,10.0,10.0,10.0,10.0,9.0
20399118,98.0,10.0,10.0,10.0,10.0,10.0,10.0
20408154,96.0,10.0,10.0,10.0,10.0,9.0,9.0
20424404,97.0,10.0,10.0,10.0,10.0,10.0,10.0
20424542,97.0,10.0,10.0,10.0,9.0,10.0,9.0
20424773,100.0,10.0,10.0,10.0,10.0,10.0,10.0
20488889,100.0,10.0,9.0,10.0,10.0,10.0,9.0
20497174,99.0,10.0,10.0,10.0,10.0,10.0,9.0
20500854,100.0,10.0,10.0,10.0,10.0,10.0,10.0
20501268,100.0,10.0,10.0,10.0,10.0,10.0,10.0
20505903,98.0,10.0,10.0,10.0,10.0,10.0,10.0
20522974,87.0,9.0,9.0,10.0,9.0,7.0,7.0
20563658,95.0,10.0,9.0,10.0,10.0,10.0,10.0
20573374,100.0,10.0,10.0,10.0,10.0,10.0,10.0
20620600,100.0,10.0,10.0,10.0,10.0,10.0,9.0
20696918,98.0,10.0,10.0,10.0,10.0,9.0,10.0
20739989,98.0,10.0,10.0,10.0,10.0,9.0,10.0
20750111,96.0,10.0,9.0,10.0,10.0,10.0,10.0
20805606,94.0,10.0,10.0,10.0,10.0,10.0,9.0
20857268,98.0,10.0,10.0,10.0,10.0,10.0,9.0
20873868,100.0,10.0,10.0,10.0,10.0,10.0,9.0
20933318,99.0,10.0,10.0,10.0,10.0,10.0,10.0
20990167,60.0,10.0,4.0,10.0,8.0,10.0,6.0
21010862,97.0,10.0,10.0,10.0,10.0,9.0,9.0
21011550,80.0,10.0,8.0,10.0,8.0,10.0,8.0
21026079,93.0,10.0,8.0,10.0,10.0,10.0,9.0
21028485,80.0,8.0,8.0,9.0,8.0,8.0,6.0
21037519,100.0,10.0,10.0,10.0,10.0,10.0,9.0
21045694,98.0,10.0,10.0,10.0,10.0,10.0,10.0
21047729,97.0,10.0,10.0,10.0,10.0,10.0,9.0
21054696,100.0,10.0,10.0,10.0,10.0,10.0,10.0
21070256,96.0,10.0,10.0,10.0,10.0,10.0,10.0
21110366,93.0,9.0,7.0,10.0,10.0,7.0,9.0
21111630,99.0,10.0,10.0,10.0,10.0,10.0,10.0
21161939,100.0,9.0,10.0,10.0,10.0,9.0,9.0
21186680,98.0,10.0,10.0,10.0,10.0,10.0,9.0
21187925,99.0,10.0,10.0,10.0,10.0,9.0,10.0
21189031,97.0,10.0,9.0,10.0,10.0,10.0,10.0
21203146,98.0,10.0,10.0,10.0,10.0,10.0,9.0
21204243,93.0,9.0,9.0,10.0,9.0,10.0,9.0
21218347,95.0,10.0,10.0,10.0,10.0,10.0,9.0
21219237,98.0,10.0,10.0,10.0,10.0,10.0,10.0
21231393,80.0,10.0,8.0,10.0,10.0,4.0,8.0
21232003,80.0,10.0,10.0,10.0,10.0,7.0,9.0
21233359,100.0,10.0,10.0,10.0,10.0,9.0,10.0
21242955,97.0,10.0,10.0,10.0,10.0,10.0,10.0
21252479,97.0,10.0,9.0,10.0,10.0,10.0,9.0
21279801,100.0,10.0,8.0,10.0,10.0,10.0,9.0
21282635,96.0,10.0,10.0,10.0,10.0,9.0,10.0
21291124,92.0,10.0,9.0,10.0,10.0,10.0,9.0
21291714,95.0,10.0,9.0,10.0,10.0,10.0,10.0
21292744,100.0,10.0,10.0,10.0,10.0,10.0,10.0
21298312,100.0,10.0,10.0,10.0,10.0,10.0,10.0
21313432,100.0,10.0,10.0,10.0,10.0,10.0,10.0
21322334,98.0,10.0,10.0,10.0,10.0,9.0,10.0
21327908,99.0,10.0,10.0,10.0,10.0,10.0,10.0
21348008,100.0,9.0,10.0,10.0,10.0,10.0,9.0
21370662,97.0,10.0,10.0,10.0,10.0,10.0,9.0
21377843,100.0,9.0,10.0,10.0,9.0,10.0,9.0
21397537,100.0,10.0,10.0,10.0,10.0,10.0,9.0
21397854,95.0,10.0,10.0,10.0,10.0,10.0,9.0
21398528,99.0,10.0,10.0,10.0,10.0,10.0,10.0
21425660,98.0,10.0,10.0,10.0,10.0,10.0,10.0
21457958,100.0,10.0,10.0,10.0,10.0,8.0,10.0
21472950,100.0,10.0,10.0,10.0,10.0,10.0,10.0
21478651,98.0,10.0,10.0,10.0,10.0,10.0,9.0
21485825,100.0,10.0,10.0,10.0,10.0,9.0,9.0
21486593,93.0,9.0,9.0,10.0,10.0,9.0,9.0
21514950,98.0,10.0,10.0,10.0,10.0,10.0,9.0
21558062,97.0,10.0,10.0,10.0,10.0,10.0,10.0
21583195,95.0,10.0,10.0,10.0,10.0,10.0,9.0
21612268,100.0,10.0,10.0,10.0,10.0,10.0,9.0
21620847,96.0,10.0,10.0,10.0,10.0,9.0,9.0
21632344,93.0,9.0,10.0,10.0,10.0,8.0,9.0
21648377,98.0,10.0,10.0,10.0,10.0,9.0,10.0
21648684,75.0,10.0,10.0,10.0,6.0,9.0,9.0
21665665,87.0,9.0,9.0,9.0,9.0,8.0,9.0
21693492,95.0,10.0,10.0,10.0,10.0,9.0,10.0
21699731,92.0,9.0,9.0,10.0,10.0,10.0,9.0
21728615,80.0,6.0,4.0,10.0,8.0,4.0,6.0
21729398,88.0,9.0,8.0,10.0,9.0,9.0,9.0
21731528,75.0,9.0,8.0,9.0,9.0,7.0,7.0
21739662,80.0,9.0,9.0,9.0,9.0,7.0,8.0
21745759,98.0,10.0,10.0,10.0,10.0,10.0,10.0
21773131,92.0,9.0,10.0,9.0,10.0,10.0,9.0
21785328,91.0,10.0,9.0,10.0,10.0,9.0,9.0
21786174,80.0,9.0,9.0,8.0,9.0,7.0,8.0
21786546,100.0,10.0,10.0,10.0,10.0,10.0,10.0
21836601,94.0,10.0,10.0,10.0,10.0,10.0,9.0
21862244,95.0,10.0,9.0,10.0,9.0,9.0,10.0
21866860,100.0,10.0,10.0,10.0,10.0,10.0,10.0
21878322,100.0,10.0,10.0,10.0,10.0,10.0,10.0
21880724,95.0,9.0,10.0,10.0,10.0,9.0,9.0
21885572,100.0,10.0,9.0,10.0,10.0,10.0,10.0
21919621,99.0,10.0,10.0,10.0,10.0,10.0,10.0
21966629,93.0,9.0,9.0,10.0,10.0,10.0,9.0
22002809,89.0,9.0,9.0,9.0,10.0,9.0,9.0
22011446,99.0,10.0,10.0,10.0,10.0,10.0,9.0
22015376,100.0,10.0,10.0,10.0,10.0,10.0,10.0
22016717,70.0,8.0,10.0,9.0,10.0,10.0,6.0
22022641,100.0,10.0,10.0,10.0,10.0,10.0,10.0
22030945,87.0,10.0,10.0,10.0,9.0,10.0,9.0
22048292,80.0,9.0,9.0,10.0,9.0,8.0,8.0
22066724,73.0,7.0,7.0,7.0,7.0,9.0,7.0
22104756,96.0,10.0,9.0,10.0,10.0,10.0,9.0
22171639,100.0,8.0,8.0,10.0,8.0,10.0,8.0
22191252,100.0,10.0,10.0,10.0,10.0,10.0,10.0
22208187,99.0,10.0,10.0,10.0,10.0,10.0,10.0
22214202,98.0,10.0,10.0,10.0,10.0,10.0,10.0
22229654,98.0,10.0,10.0,10.0,10.0,10.0,9.0
22245431,99.0,10.0,10.0,10.0,10.0,10.0,10.0
22306054,100.0,10.0,10.0,10.0,10.0,10.0,10.0
22328157,99.0,10.0,10.0,10.0,10.0,10.0,9.0
22340219,99.0,10.0,10.0,10.0,10.0,10.0,10.0
22355943,80.0,10.0,7.0,9.0,9.0,10.0,9.0
22430481,96.0,10.0,10.0,10.0,10.0,9.0,9.0
22546291,100.0,10.0,10.0,10.0,10.0,10.0,10.0
22548614,100.0,10.0,10.0,10.0,10.0,10.0,10.0
22551985,100.0,10.0,10.0,10.0,10.0,9.0,10.0
22553944,100.0,10.0,10.0,10.0,10.0,10.0,9.0
22565800,100.0,6.0,8.0,10.0,10.0,10.0,10.0
22568068,100.0,9.0,10.0,10.0,10.0,10.0,10.0
22568473,100.0,10.0,10.0,10.0,10.0,10.0,10.0
22575652,100.0,10.0,10.0,10.0,10.0,10.0,10.0
22577863,88.0,8.0,9.0,9.0,9.0,9.0,8.0
22584903,95.0,10.0,10.0,10.0,10.0,9.0,9.0
22597536,100.0,10.0,10.0,10.0,8.0,8.0,8.0
22636987,100.0,10.0,10.0,10.0,10.0,10.0,10.0
22665446,96.0,10.0,10.0,10.0,10.0,10.0,9.0
22668601,80.0,10.0,10.0,10.0,8.0,10.0,8.0
22671938,94.0,9.0,9.0,9.0,10.0,10.0,10.0
22673927,96.0,10.0,10.0,10.0,10.0,9.0,10.0
22690547,97.0,10.0,10.0,10.0,10.0,10.0,10.0
22702846,100.0,10.0,10.0,10.0,10.0,8.0,10.0
22748621,100.0,10.0,10.0,10.0,10.0,10.0,10.0
22754156,97.0,10.0,10.0,10.0,10.0,10.0,9.0
22760692,94.0,10.0,9.0,10.0,10.0,10.0,9.0
22768632,100.0,10.0,10.0,10.0,10.0,10.0,10.0
22817022,77.0,8.0,7.0,9.0,9.0,9.0,7.0
22827448,99.0,10.0,10.0,10.0,10.0,10.0,10.0
22846194,99.0,10.0,10.0,10.0,10.0,10.0,10.0
22852845,93.0,9.0,10.0,10.0,10.0,10.0,9.0
22866228,100.0,10.0,10.0,10.0,10.0,9.0,9.0
22903941,100.0,10.0,10.0,10.0,8.0,8.0,8.0
22906854,100.0,10.0,10.0,10.0,10.0,10.0,10.0
22908548,100.0,10.0,10.0,10.0,10.0,10.0,10.0
22944965,93.0,10.0,9.0,10.0,9.0,10.0,10.0
22946959,96.0,10.0,9.0,10.0,10.0,10.0,8.0
22968438,97.0,10.0,10.0,10.0,10.0,9.0,10.0
23004482,90.0,9.0,9.0,9.0,9.0,9.0,8.0
23054267,98.0,10.0,10.0,10.0,10.0,10.0,10.0
23073700,80.0,9.0,10.0,9.0,9.0,10.0,6.0
23095049,97.0,10.0,10.0,10.0,10.0,10.0,9.0
23106655,96.0,10.0,10.0,10.0,10.0,10.0,10.0
23121061,98.0,10.0,10.0,10.0,10.0,10.0,10.0
23147806,99.0,10.0,9.0,10.0,10.0,10.0,9.0
23179561,98.0,10.0,10.0,10.0,10.0,10.0,9.0
23184048,80.0,6.0,8.0,10.0,10.0,4.0,8.0
23209264,96.0,10.0,10.0,10.0,10.0,9.0,10.0
23215410,100.0,10.0,10.0,10.0,10.0,10.0,9.0
23217998,97.0,10.0,10.0,10.0,10.0,10.0,10.0
23235919,100.0,10.0,10.0,10.0,10.0,10.0,10.0
23240184,98.0,10.0,10.0,10.0,10.0,9.0,10.0
23255383,95.0,10.0,9.0,10.0,10.0,10.0,9.0
23271549,82.0,9.0,8.0,10.0,10.0,10.0,9.0
23271623,73.0,7.0,9.0,9.0,10.0,10.0,10.0
23271702,90.0,10.0,9.0,10.0,10.0,10.0,9.0
23271975,87.0,9.0,10.0,10.0,10.0,10.0,9.0
23288262,93.0,10.0,10.0,9.0,9.0,10.0,10.0
23292883,90.0,10.0,9.0,10.0,10.0,10.0,9.0
23293057,90.0,9.0,9.0,10.0,9.0,10.0,9.0
23293099,85.0,10.0,9.0,10.0,10.0,10.0,10.0
23312644,85.0,9.0,9.0,10.0,10.0,10.0,9.0
23312910,80.0,9.0,10.0,10.0,9.0,10.0,9.0
23313045,78.0,8.0,8.0,10.0,9.0,10.0,8.0
23326108,60.0,6.0,8.0,8.0,6.0,4.0,6.0
23340064,100.0,10.0,10.0,10.0,10.0,10.0,10.0
23354077,99.0,10.0,10.0,10.0,10.0,10.0,10.0
23419962,100.0,10.0,10.0,10.0,10.0,10.0,10.0
23452479,90.0,10.0,10.0,9.0,9.0,9.0,9.0
23453808,94.0,10.0,10.0,10.0,10.0,10.0,10.0
23504233,94.0,9.0,9.0,10.0,9.0,9.0,9.0
23521739,94.0,10.0,10.0,10.0,9.0,8.0,9.0
23545831,100.0,10.0,10.0,10.0,10.0,8.0,10.0
23551086,82.0,9.0,9.0,10.0,9.0,10.0,9.0
23551835,87.0,9.0,9.0,10.0,10.0,10.0,9.0
23568246,99.0,10.0,10.0,10.0,10.0,10.0,10.0
23577552,97.0,10.0,10.0,10.0,10.0,9.0,10.0
23581750,100.0,10.0,10.0,10.0,10.0,10.0,10.0
23611401,90.0,8.0,9.0,10.0,6.0,10.0,10.0
23615779,90.0,10.0,9.0,10.0,10.0,10.0,9.0
23629793,80.0,9.0,6.0,10.0,10.0,10.0,9.0
23634727,70.0,9.0,7.0,9.0,6.0,10.0,7.0
23669671,100.0,10.0,10.0,10.0,10.0,10.0,10.0
23684260,100.0,10.0,10.0,10.0,10.0,10.0,9.0
23685560,99.0,10.0,10.0,10.0,10.0,10.0,10.0
23698833,84.0,9.0,8.0,10.0,9.0,8.0,8.0
23709477,96.0,10.0,10.0,10.0,10.0,10.0,9.0
23712427,98.0,10.0,10.0,10.0,10.0,10.0,9.0
23714398,100.0,10.0,10.0,10.0,10.0,10.0,9.0
23761546,100.0,10.0,10.0,10.0,10.0,10.0,10.0
23813739,96.0,10.0,10.0,10.0,10.0,9.0,9.0
23827577,90.0,10.0,9.0,9.0,9.0,9.0,8.0
23830079,96.0,10.0,10.0,10.0,10.0,10.0,10.0
23839071,100.0,10.0,10.0,10.0,9.0,9.0,8.0
23860519,99.0,10.0,10.0,10.0,10.0,9.0,9.0
23882274,100.0,10.0,10.0,10.0,10.0,10.0,10.0
23897639,88.0,10.0,10.0,8.0,10.0,10.0,8.0
23900160,90.0,10.0,10.0,10.0,10.0,10.0,9.0
23922318,100.0,10.0,10.0,10.0,10.0,10.0,10.0
23924946,100.0,10.0,10.0,10.0,10.0,10.0,10.0
23942828,100.0,10.0,10.0,10.0,10.0,10.0,10.0
23946104,99.0,10.0,10.0,10.0,10.0,10.0,10.0
23960056,100.0,10.0,9.0,10.0,10.0,10.0,10.0
23963479,60.0,8.0,8.0,8.0,7.0,6.0,7.0
23964717,98.0,10.0,10.0,10.0,10.0,10.0,10.0
23973946,99.0,10.0,10.0,10.0,10.0,10.0,10.0
24013191,89.0,9.0,8.0,10.0,9.0,10.0,9.0
24063893,98.0,10.0,9.0,10.0,10.0,10.0,9.0
24065926,97.0,10.0,10.0,10.0,10.0,10.0,10.0
24066728,97.0,10.0,9.0,10.0,10.0,10.0,9.0
24083593,98.0,10.0,10.0,10.0,10.0,10.0,10.0
24099463,97.0,10.0,10.0,10.0,10.0,10.0,10.0
24162999,100.0,10.0,10.0,10.0,10.0,10.0,10.0
24163891,97.0,10.0,8.0,10.0,10.0,10.0,9.0
24181120,100.0,10.0,10.0,10.0,10.0,10.0,10.0
24304138,80.0,8.0,7.0,8.0,9.0,9.0,8.0
24352586,98.0,10.0,10.0,10.0,9.0,10.0,9.0
24352708,100.0,10.0,10.0,10.0,10.0,10.0,10.0
24353186,100.0,10.0,10.0,10.0,10.0,10.0,10.0
24354551,100.0,10.0,10.0,9.0,9.0,10.0,10.0
24355042,99.0,10.0,10.0,10.0,10.0,10.0,9.0
24361125,98.0,10.0,10.0,10.0,10.0,10.0,9.0
24375836,99.0,10.0,10.0,10.0,9.0,10.0,10.0
24379811,98.0,10.0,10.0,10.0,10.0,10.0,10.0
24449972,97.0,10.0,10.0,10.0,9.0,10.0,9.0
24468179,91.0,10.0,10.0,10.0,10.0,7.0,9.0
24475148,80.0,10.0,10.0,10.0,10.0,4.0,8.0
24489443,100.0,10.0,10.0,10.0,10.0,10.0,10.0
24490533,100.0,10.0,10.0,10.0,10.0,10.0,10.0
24497818,100.0,10.0,10.0,10.0,10.0,6.0,8.0
24600600,97.0,10.0,9.0,10.0,10.0,10.0,9.0
24604001,93.0,10.0,9.0,10.0,10.0,7.0,9.0
24605611,90.0,9.0,8.0,9.0,9.0,9.0,9.0
24631777,99.0,10.0,10.0,10.0,10.0,10.0,10.0
24648539,95.0,10.0,9.0,10.0,10.0,9.0,10.0
24650875,98.0,10.0,10.0,10.0,10.0,10.0,10.0
24651340,100.0,10.0,10.0,10.0,10.0,10.0,10.0
24657937,96.0,10.0,10.0,10.0,10.0,9.0,9.0
24736036,96.0,10.0,10.0,10.0,9.0,9.0,9.0
24752326,20.0,10.0,10.0,4.0,4.0,4.0,2.0
24780339,100.0,10.0,10.0,9.0,10.0,10.0,10.0
24799389,100.0,10.0,10.0,10.0,10.0,10.0,10.0
24853898,100.0,10.0,10.0,10.0,10.0,10.0,8.0
24890095,97.0,10.0,10.0,10.0,10.0,10.0,10.0
24964591,100.0,10.0,10.0,10.0,10.0,10.0,10.0
24992845,20.0,8.0,10.0,2.0,10.0,2.0,2.0
24994117,100.0,8.0,10.0,10.0,8.0,10.0,10.0
25027248,60.0,10.0,8.0,10.0,10.0,6.0,8.0
25054741,100.0,10.0,10.0,10.0,10.0,10.0,9.0
25098756,80.0,8.0,10.0,7.0,8.0,9.0,9.0
25107798,100.0,9.0,9.0,10.0,10.0,10.0,10.0
25167424,100.0,10.0,9.0,9.0,9.0,10.0,9.0
25189704,60.0,7.0,6.0,10.0,8.0,9.0,5.0
25213152,97.0,10.0,10.0,10.0,10.0,10.0,10.0
25229521,93.0,10.0,10.0,10.0,10.0,10.0,9.0
25234139,100.0,10.0,10.0,10.0,10.0,10.0,10.0
25291283,96.0,10.0,10.0,10.0,10.0,10.0,10.0
25323663,60.0,7.0,10.0,10.0,10.0,5.0,7.0
25355368,100.0,10.0,10.0,10.0,10.0,10.0,10.0
25355921,100.0,6.0,10.0,10.0,10.0,10.0,8.0
25356099,98.0,10.0,10.0,10.0,10.0,10.0,10.0
25356321,100.0,10.0,10.0,10.0,10.0,10.0,10.0
25368785,100.0,10.0,10.0,10.0,10.0,10.0,9.0
25402417,99.0,10.0,10.0,10.0,10.0,9.0,9.0
25402583,100.0,10.0,9.0,10.0,10.0,10.0,9.0
25432313,99.0,10.0,10.0,10.0,10.0,10.0,10.0
25432375,95.0,10.0,10.0,10.0,10.0,10.0,10.0
25516349,95.0,10.0,10.0,10.0,10.0,10.0,10.0
25518503,98.0,10.0,10.0,10.0,10.0,9.0,10.0
25724703,92.0,9.0,9.0,9.0,10.0,10.0,9.0
25733610,100.0,10.0,10.0,10.0,10.0,10.0,10.0
25776536,99.0,10.0,10.0,10.0,10.0,10.0,9.0
25786409,100.0,10.0,10.0,10.0,10.0,10.0,10.0
25842384,100.0,10.0,10.0,10.0,10.0,10.0,10.0
25842862,100.0,10.0,10.0,8.0,10.0,10.0,8.0
25845975,98.0,10.0,10.0,10.0,10.0,10.0,10.0
25868874,80.0,8.0,10.0,10.0,10.0,10.0,8.0
25869229,100.0,10.0,10.0,10.0,8.0,10.0,8.0
25869380,86.0,9.0,7.0,10.0,10.0,10.0,8.0
25869469,87.0,9.0,10.0,10.0,9.0,9.0,9.0
25870802,99.0,10.0,10.0,10.0,10.0,10.0,10.0
25892426,100.0,10.0,10.0,10.0,10.0,10.0,9.0
25912297,100.0,10.0,10.0,10.0,10.0,10.0,10.0
25921225,96.0,10.0,10.0,10.0,10.0,10.0,10.0
25921865,90.0,9.0,9.0,10.0,10.0,9.0,9.0
25948779,100.0,10.0,10.0,10.0,10.0,10.0,10.0
25976748,95.0,10.0,10.0,10.0,10.0,10.0,9.0
26008354,97.0,9.0,10.0,10.0,10.0,10.0,9.0
26027570,100.0,10.0,10.0,10.0,8.0,8.0,8.0
26033791,100.0,10.0,10.0,10.0,10.0,10.0,10.0
26035565,80.0,10.0,10.0,10.0,10.0,10.0,8.0
26095551,99.0,10.0,10.0,10.0,10.0,10.0,9.0
26104315,80.0,9.0,9.0,10.0,8.0,7.0,7.0
26221884,90.0,7.0,9.0,10.0,10.0,10.0,9.0
26257133,93.0,9.0,10.0,10.0,10.0,10.0,9.0
26259702,100.0,10.0,10.0,10.0,10.0,10.0,10.0
26273977,80.0,10.0,10.0,10.0,10.0,10.0,6.0
26278417,95.0,9.0,10.0,10.0,10.0,9.0,9.0
26278521,99.0,10.0,10.0,10.0,10.0,10.0,10.0
26322467,100.0,10.0,10.0,10.0,10.0,10.0,10.0
26323995,100.0,10.0,10.0,10.0,10.0,10.0,10.0
26329118,94.0,10.0,10.0,10.0,10.0,10.0,9.0
26334949,100.0,10.0,10.0,10.0,8.0,10.0,10.0
26339979,98.0,10.0,10.0,10.0,10.0,10.0,9.0
26429616,94.0,10.0,10.0,10.0,10.0,10.0,9.0
26429722,96.0,10.0,10.0,10.0,10.0,10.0,9.0
26437752,100.0,10.0,9.0,10.0,10.0,10.0,10.0
26445292,100.0,10.0,10.0,10.0,10.0,10.0,9.0
26499429,93.0,10.0,8.0,10.0,10.0,10.0,10.0
26501351,93.0,10.0,9.0,10.0,10.0,9.0,8.0
26533564,96.0,10.0,10.0,10.0,10.0,10.0,9.0
26565582,97.0,10.0,10.0,10.0,10.0,10.0,9.0
26568647,100.0,10.0,8.0,10.0,10.0,10.0,10.0
26572144,97.0,10.0,9.0,10.0,10.0,10.0,10.0
26632713,96.0,10.0,10.0,10.0,10.0,10.0,9.0
26635646,95.0,10.0,10.0,10.0,9.0,10.0,10.0
26638684,95.0,10.0,9.0,10.0,10.0,10.0,9.0
26638788,100.0,10.0,10.0,10.0,10.0,10.0,10.0
26668091,100.0,10.0,10.0,10.0,10.0,10.0,10.0
26710943,98.0,10.0,10.0,10.0,10.0,10.0,9.0
26713704,99.0,10.0,10.0,10.0,10.0,10.0,9.0
26747021,93.0,9.0,10.0,10.0,10.0,10.0,9.0
26785153,100.0,9.0,10.0,9.0,10.0,10.0,10.0
26921699,97.0,10.0,10.0,10.0,10.0,10.0,9.0
26921936,96.0,10.0,9.0,10.0,10.0,10.0,9.0
26950540,95.0,10.0,10.0,9.0,10.0,10.0,9.0
27196500,100.0,10.0,10.0,10.0,10.0,10.0,10.0
27211235,93.0,10.0,10.0,9.0,10.0,9.0,9.0
27230555,98.0,10.0,10.0,10.0,10.0,9.0,9.0
27263016,100.0,10.0,10.0,10.0,10.0,10.0,10.0
27312690,100.0,10.0,10.0,10.0,10.0,10.0,10.0
27316423,93.0,10.0,9.0,10.0,10.0,9.0,9.0
27370273,100.0,10.0,10.0,10.0,10.0,9.0,9.0
27381476,96.0,9.0,9.0,10.0,10.0,10.0,9.0
27437162,99.0,10.0,10.0,10.0,10.0,10.0,10.0
27439635,100.0,10.0,10.0,10.0,10.0,10.0,10.0
27461006,89.0,9.0,8.0,10.0,9.0,10.0,8.0
27462045,98.0,10.0,10.0,10.0,10.0,10.0,9.0
27495261,99.0,10.0,10.0,10.0,10.0,10.0,10.0
27512320,80.0,8.0,8.0,10.0,8.0,10.0,6.0
27530136,98.0,10.0,10.0,10.0,10.0,10.0,9.0
27545197,100.0,10.0,8.0,10.0,8.0,10.0,10.0
27556995,95.0,10.0,10.0,10.0,10.0,10.0,10.0
27584638,98.0,10.0,9.0,10.0,10.0,10.0,9.0
27608180,100.0,10.0,10.0,10.0,10.0,9.0,10.0
27652652,100.0,10.0,10.0,10.0,10.0,10.0,10.0
27699365,95.0,10.0,10.0,10.0,10.0,10.0,9.0
27702037,96.0,10.0,10.0,10.0,10.0,9.0,10.0
27705941,90.0,9.0,10.0,9.0,9.0,10.0,9.0
27725598,95.0,10.0,10.0,9.0,10.0,10.0,10.0
27766709,100.0,10.0,10.0,10.0,10.0,10.0,10.0
27780282,93.0,9.0,9.0,10.0,10.0,10.0,9.0
27808088,96.0,10.0,10.0,10.0,10.0,10.0,10.0
27855141,100.0,10.0,10.0,10.0,10.0,10.0,10.0
27857184,99.0,10.0,10.0,10.0,10.0,10.0,10.0
27870072,98.0,10.0,10.0,10.0,10.0,10.0,10.0
27898470,80.0,10.0,10.0,10.0,10.0,10.0,10.0
27903069,99.0,10.0,10.0,10.0,10.0,10.0,10.0
27905010,99.0,10.0,10.0,10.0,10.0,10.0,10.0
27961176,80.0,9.0,8.0,9.0,9.0,9.0,8.0
27980774,100.0,10.0,10.0,10.0,10.0,10.0,10.0
27984599,99.0,10.0,10.0,10.0,10.0,10.0,10.0
27985317,95.0,10.0,10.0,10.0,10.0,10.0,9.0
27987824,100.0,10.0,10.0,10.0,10.0,10.0,10.0
28009294,93.0,10.0,9.0,7.0,9.0,10.0,9.0
28009722,98.0,10.0,10.0,10.0,10.0,10.0,9.0
28074227,95.0,10.0,10.0,10.0,10.0,9.0,9.0
28074409,99.0,10.0,10.0,10.0,10.0,10.0,10.0
28085987,100.0,10.0,10.0,10.0,10.0,10.0,10.0
28128935,98.0,10.0,10.0,10.0,10.0,10.0,10.0
28139208,96.0,10.0,10.0,9.0,10.0,9.0,9.0
28181442,98.0,10.0,10.0,10.0,10.0,10.0,10.0
28182735,99.0,10.0,10.0,10.0,10.0,10.0,10.0
28200634,99.0,10.0,10.0,10.0,10.0,10.0,10.0
28232197,100.0,10.0,10.0,10.0,10.0,9.0,10.0
28251404,100.0,10.0,10.0,10.0,10.0,10.0,10.0
28276600,98.0,10.0,10.0,10.0,10.0,10.0,10.0
28316938,100.0,10.0,10.0,10.0,10.0,10.0,10.0
28338036,100.0,10.0,10.0,10.0,10.0,10.0,8.0
28363414,96.0,10.0,10.0,10.0,10.0,9.0,9.0
28367768,100.0,10.0,10.0,10.0,10.0,9.0,10.0
28368154,100.0,10.0,10.0,10.0,10.0,10.0,10.0
28377944,100.0,10.0,10.0,10.0,10.0,10.0,10.0
28384050,95.0,10.0,10.0,10.0,10.0,10.0,9.0
28388893,93.0,10.0,10.0,10.0,10.0,10.0,9.0
28407357,100.0,10.0,10.0,10.0,10.0,10.0,10.0
28411576,100.0,10.0,10.0,10.0,10.0,10.0,10.0
28427234,100.0,10.0,10.0,10.0,10.0,10.0,8.0
28500088,98.0,10.0,10.0,10.0,10.0,10.0,9.0
28588615,90.0,9.0,9.0,9.0,9.0,10.0,9.0
28589423,90.0,9.0,9.0,9.0,9.0,10.0,9.0
28648613,97.0,10.0,10.0,10.0,10.0,9.0,10.0
28674015,97.0,10.0,10.0,10.0,10.0,10.0,10.0
28696499,99.0,10.0,10.0,10.0,10.0,10.0,10.0
28712636,97.0,10.0,10.0,10.0,10.0,10.0,9.0
28718827,100.0,10.0,10.0,9.0,9.0,7.0,10.0
28722160,93.0,10.0,10.0,10.0,10.0,9.0,9.0
28733881,72.0,10.0,6.0,9.0,10.0,10.0,7.0
28758496,95.0,10.0,9.0,10.0,10.0,10.0,10.0
28805953,100.0,10.0,10.0,10.0,10.0,10.0,10.0
28807663,100.0,10.0,10.0,10.0,10.0,10.0,10.0
28844783,80.0,10.0,10.0,10.0,10.0,6.0,6.0
28898815,99.0,10.0,10.0,10.0,10.0,10.0,10.0
28920042,98.0,10.0,10.0,10.0,10.0,10.0,10.0
28935709,96.0,10.0,10.0,10.0,9.0,10.0,8.0
28992621,96.0,10.0,9.0,10.0,10.0,10.0,9.0
29000480,100.0,10.0,10.0,10.0,10.0,10.0,10.0
29002725,91.0,10.0,9.0,10.0,10.0,9.0,9.0
29031614,99.0,10.0,10.0,10.0,10.0,10.0,9.0
29032905,100.0,10.0,10.0,10.0,10.0,9.0,10.0
29037491,87.0,10.0,10.0,10.0,10.0,10.0,9.0
29039124,95.0,10.0,10.0,9.0,10.0,10.0,10.0
29125029,100.0,10.0,10.0,10.0,10.0,10.0,10.0
29130046,96.0,10.0,9.0,10.0,10.0,10.0,9.0
29135667,98.0,10.0,9.0,10.0,10.0,10.0,10.0
29184444,90.0,10.0,10.0,10.0,9.0,9.0,8.0
29192965,95.0,10.0,9.0,10.0,10.0,9.0,9.0
29221865,98.0,10.0,10.0,10.0,10.0,9.0,9.0
29238496,100.0,10.0,10.0,10.0,10.0,10.0,10.0
29334689,96.0,10.0,10.0,10.0,10.0,9.0,9.0
29393766,100.0,10.0,10.0,10.0,10.0,10.0,10.0
29475850,100.0,10.0,10.0,10.0,10.0,10.0,10.0
29491521,100.0,10.0,10.0,10.0,10.0,10.0,9.0
29523351,98.0,10.0,9.0,10.0,10.0,10.0,9.0
29591009,100.0,10.0,9.0,10.0,10.0,10.0,9.0
29593658,96.0,10.0,10.0,10.0,10.0,10.0,9.0
29594605,98.0,10.0,10.0,10.0,10.0,10.0,10.0
29612313,100.0,10.0,10.0,10.0,10.0,10.0,10.0
29615865,100.0,10.0,10.0,10.0,10.0,10.0,10.0
29664364,100.0,10.0,10.0,10.0,10.0,10.0,10.0
29740440,40.0,6.0,6.0,2.0,4.0,10.0,2.0
29741840,80.0,9.0,9.0,10.0,10.0,10.0,6.0
29757684,93.0,10.0,10.0,10.0,10.0,10.0,9.0
29823066,97.0,10.0,9.0,10.0,10.0,10.0,9.0
29824667,97.0,10.0,10.0,10.0,10.0,10.0,9.0
29831467,98.0,10.0,10.0,10.0,10.0,10.0,10.0
29852330,96.0,10.0,9.0,10.0,10.0,10.0,10.0
29854300,96.0,10.0,9.0,10.0,10.0,10.0,10.0
29877418,93.0,10.0,10.0,10.0,10.0,10.0,10.0
29880717,100.0,10.0,10.0,10.0,10.0,10.0,10.0
29906297,93.0,9.0,10.0,10.0,10.0,10.0,9.0
29924753,98.0,10.0,10.0,10.0,10.0,10.0,9.0
29988443,99.0,10.0,10.0,10.0,10.0,10.0,10.0
29992190,98.0,10.0,9.0,10.0,10.0,10.0,10.0
30022449,98.0,10.0,10.0,10.0,10.0,9.0,10.0
30056107,100.0,10.0,10.0,10.0,10.0,9.0,9.0
30086838,100.0,10.0,10.0,10.0,10.0,10.0,10.0
30091565,96.0,10.0,10.0,10.0,10.0,10.0,10.0
30111289,100.0,10.0,10.0,10.0,10.0,10.0,10.0
30150511,100.0,10.0,10.0,10.0,10.0,10.0,10.0
30159258,100.0,10.0,10.0,9.0,10.0,9.0,10.0
30174683,93.0,9.0,9.0,9.0,10.0,10.0,9.0
30212422,86.0,9.0,7.0,9.0,8.0,10.0,8.0
30228975,99.0,10.0,10.0,10.0,10.0,10.0,10.0
30251016,100.0,10.0,10.0,10.0,10.0,10.0,10.0
30254144,80.0,9.0,9.0,8.0,7.0,9.0,8.0
30264063,95.0,10.0,10.0,10.0,10.0,10.0,9.0
30266695,97.0,10.0,9.0,10.0,10.0,10.0,10.0
30272345,99.0,10.0,10.0,10.0,10.0,10.0,10.0
30346332,91.0,9.0,9.0,10.0,10.0,9.0,9.0
30351194,99.0,10.0,10.0,10.0,10.0,10.0,10.0
30353904,85.0,10.0,8.0,10.0,10.0,10.0,9.0
30354063,100.0,10.0,9.0,10.0,10.0,10.0,9.0
30361205,40.0,4.0,4.0,8.0,8.0,2.0,4.0
30361356,100.0,10.0,10.0,10.0,10.0,10.0,10.0
30368366,20.0,2.0,2.0,2.0,2.0,2.0,2.0
30368597,100.0,10.0,10.0,10.0,4.0,10.0,8.0
30368629,20.0,6.0,6.0,6.0,2.0,10.0,4.0
30374499,97.0,10.0,9.0,10.0,10.0,10.0,10.0
30396781,80.0,8.0,8.0,10.0,8.0,6.0,6.0
30505637,100.0,10.0,10.0,10.0,10.0,10.0,10.0
30513863,91.0,10.0,10.0,10.0,10.0,10.0,9.0
30531089,100.0,10.0,10.0,10.0,10.0,10.0,10.0
30564588,95.0,10.0,9.0,10.0,10.0,10.0,10.0
30569441,87.0,10.0,9.0,10.0,10.0,9.0,8.0
30687431,97.0,10.0,10.0,10.0,10.0,10.0,10.0
30713782,99.0,10.0,10.0,10.0,10.0,10.0,10.0
30719302,92.0,10.0,10.0,10.0,10.0,9.0,9.0
30770207,90.0,9.0,9.0,10.0,9.0,8.0,9.0
30805198,93.0,9.0,9.0,9.0,9.0,10.0,9.0
30805783,96.0,9.0,9.0,10.0,10.0,10.0,9.0
30821293,94.0,9.0,10.0,10.0,10.0,9.0,9.0
30906103,90.0,10.0,9.0,10.0,9.0,10.0,9.0
30913192,88.0,9.0,10.0,10.0,10.0,10.0,9.0
30913907,100.0,10.0,10.0,10.0,10.0,9.0,10.0
30957039,100.0,10.0,10.0,10.0,10.0,10.0,10.0
31012927,100.0,10.0,10.0,10.0,10.0,10.0,10.0
31026962,92.0,10.0,9.0,10.0,9.0,10.0,9.0
31057117,99.0,10.0,10.0,10.0,10.0,10.0,10.0
31108259,94.0,10.0,10.0,10.0,10.0,10.0,9.0
31113388,97.0,10.0,9.0,10.0,10.0,10.0,10.0
31124126,95.0,10.0,9.0,10.0,10.0,9.0,9.0
31143926,96.0,10.0,9.0,10.0,10.0,10.0,10.0
31187795,100.0,10.0,10.0,10.0,10.0,10.0,10.0
31188239,100.0,10.0,10.0,10.0,10.0,10.0,10.0
31206489,99.0,10.0,10.0,10.0,10.0,10.0,10.0
31222005,97.0,10.0,10.0,10.0,10.0,10.0,10.0
31297860,96.0,10.0,9.0,10.0,10.0,10.0,9.0
31331285,100.0,10.0,10.0,10.0,10.0,10.0,10.0
31338594,96.0,9.0,10.0,10.0,10.0,10.0,10.0
31339864,97.0,10.0,10.0,10.0,10.0,10.0,10.0
31346731,100.0,10.0,10.0,10.0,10.0,8.0,10.0
31365113,95.0,10.0,10.0,10.0,10.0,10.0,9.0
31389098,100.0,10.0,10.0,10.0,10.0,10.0,10.0
31392573,93.0,9.0,10.0,10.0,10.0,10.0,8.0
31421029,90.0,10.0,10.0,9.0,10.0,10.0,9.0
31424518,99.0,10.0,10.0,10.0,10.0,10.0,9.0
31443288,100.0,10.0,10.0,10.0,10.0,10.0,10.0
31447415,95.0,10.0,10.0,10.0,10.0,10.0,9.0
31450281,99.0,10.0,10.0,10.0,10.0,10.0,9.0
31537112,100.0,10.0,10.0,10.0,9.0,10.0,10.0
31569484,82.0,9.0,8.0,10.0,9.0,9.0,8.0
31595144,99.0,10.0,10.0,10.0,10.0,10.0,10.0
31616885,80.0,10.0,9.0,10.0,10.0,9.0,8.0
31668263,100.0,10.0,10.0,10.0,10.0,10.0,10.0
31673780,80.0,9.0,8.0,9.0,9.0,10.0,8.0
31690403,93.0,10.0,8.0,10.0,10.0,10.0,9.0
31722728,99.0,10.0,10.0,10.0,10.0,10.0,10.0
31724787,20.0,4.0,2.0,8.0,2.0,8.0,2.0
31759412,99.0,10.0,10.0,10.0,10.0,10.0,10.0
31798083,93.0,10.0,9.0,10.0,10.0,9.0,9.0
31803551,99.0,10.0,10.0,10.0,10.0,10.0,10.0
31827469,60.0,7.0,7.0,10.0,10.0,8.0,7.0
31852562,100.0,10.0,10.0,10.0,10.0,10.0,9.0
31865253,100.0,10.0,10.0,10.0,10.0,10.0,10.0
31877704,100.0,10.0,10.0,10.0,10.0,10.0,10.0
31934354,93.0,9.0,10.0,10.0,10.0,10.0,9.0
31981354,100.0,10.0,10.0,10.0,10.0,10.0,10.0
31985315,100.0,10.0,8.0,10.0,10.0,10.0,10.0
32018990,98.0,10.0,10.0,10.0,10.0,10.0,10.0
32025820,99.0,10.0,10.0,10.0,10.0,9.0,10.0
32039575,100.0,10.0,10.0,10.0,10.0,10.0,6.0
32047121,100.0,8.0,6.0,8.0,10.0,10.0,8.0
32072704,99.0,10.0,10.0,10.0,10.0,10.0,10.0
32135550,97.0,10.0,10.0,10.0,10.0,10.0,9.0
32147391,100.0,10.0,10.0,10.0,10.0,10.0,10.0
32216182,99.0,10.0,10.0,10.0,10.0,10.0,10.0
32290651,96.0,10.0,10.0,10.0,10.0,10.0,10.0
32312991,94.0,9.0,9.0,9.0,10.0,10.0,9.0
32384878,100.0,10.0,10.0,10.0,10.0,10.0,10.0
32385434,70.0,6.0,7.0,8.0,9.0,10.0,5.0
32389762,99.0,10.0,10.0,10.0,10.0,10.0,10.0
32425434,100.0,8.0,8.0,10.0,10.0,10.0,8.0
32447699,80.0,10.0,4.0,10.0,10.0,10.0,8.0
32472721,100.0,10.0,10.0,10.0,10.0,10.0,10.0
32473990,100.0,10.0,10.0,10.0,10.0,10.0,10.0
32474115,97.0,10.0,10.0,10.0,10.0,10.0,10.0
32493764,100.0,10.0,10.0,10.0,10.0,10.0,10.0
32518108,98.0,10.0,10.0,10.0,10.0,10.0,9.0
32525042,96.0,9.0,10.0,9.0,10.0,10.0,10.0
32548493,92.0,10.0,10.0,9.0,9.0,10.0,9.0
32548715,86.0,8.0,9.0,9.0,9.0,10.0,9.0
32549667,91.0,9.0,10.0,9.0,10.0,10.0,9.0
32592293,98.0,10.0,10.0,10.0,10.0,10.0,10.0
32594056,96.0,10.0,10.0,10.0,10.0,9.0,10.0
32610962,99.0,10.0,10.0,10.0,10.0,10.0,9.0
32660124,97.0,10.0,10.0,10.0,10.0,9.0,9.0
32702182,91.0,9.0,10.0,10.0,10.0,10.0,9.0
32702218,80.0,8.0,10.0,10.0,9.0,9.0,8.0
32702224,60.0,2.0,8.0,10.0,10.0,10.0,8.0
32702234,83.0,9.0,10.0,10.0,10.0,10.0,9.0
32702921,100.0,10.0,10.0,10.0,10.0,10.0,10.0
32703565,50.0,5.0,5.0,8.0,6.0,10.0,4.0
32703570,95.0,9.0,9.0,10.0,10.0,10.0,9.0
32703575,67.0,7.0,9.0,8.0,7.0,9.0,6.0
32703814,80.0,8.0,9.0,9.0,9.0,9.0,9.0
32712890,98.0,10.0,10.0,10.0,10.0,9.0,10.0
32723815,100.0,10.0,10.0,10.0,10.0,10.0,10.0
32727389,98.0,10.0,10.0,10.0,10.0,10.0,9.0
32747602,91.0,9.0,10.0,10.0,10.0,10.0,9.0
32750134,88.0,9.0,10.0,9.0,9.0,9.0,8.0
32783075,100.0,10.0,10.0,10.0,10.0,10.0,10.0
32789669,99.0,10.0,10.0,10.0,10.0,10.0,10.0
32792232,100.0,10.0,10.0,10.0,10.0,10.0,9.0
32795849,100.0,10.0,10.0,10.0,10.0,10.0,10.0
32824201,91.0,9.0,9.0,10.0,10.0,10.0,9.0
32869691,100.0,10.0,9.0,10.0,10.0,10.0,9.0
32872373,94.0,10.0,10.0,10.0,10.0,10.0,10.0
32891490,100.0,10.0,10.0,10.0,10.0,10.0,10.0
32941329,100.0,10.0,10.0,10.0,10.0,10.0,10.0
32941335,98.0,10.0,10.0,10.0,10.0,10.0,10.0
32945280,97.0,10.0,10.0,10.0,10.0,10.0,9.0
32945668,95.0,10.0,9.0,10.0,10.0,10.0,10.0
32945670,90.0,10.0,10.0,7.0,10.0,10.0,9.0
32962090,98.0,10.0,10.0,10.0,10.0,10.0,9.0
32966854,99.0,10.0,10.0,10.0,10.0,10.0,10.0
33015887,100.0,10.0,10.0,10.0,10.0,10.0,9.0
33021274,100.0,10.0,10.0,8.0,10.0,10.0,10.0
33083892,100.0,10.0,10.0,10.0,8.0,8.0,10.0
33115200,100.0,10.0,10.0,10.0,10.0,10.0,10.0
33134275,94.0,10.0,9.0,10.0,10.0,10.0,9.0
33137304,100.0,10.0,10.0,10.0,10.0,10.0,9.0
33195331,100.0,10.0,10.0,10.0,10.0,10.0,10.0
33199120,100.0,10.0,10.0,10.0,10.0,10.0,10.0
33224754,100.0,10.0,9.0,10.0,10.0,10.0,9.0
33241183,100.0,10.0,10.0,10.0,10.0,10.0,10.0
33256694,91.0,10.0,10.0,10.0,10.0,10.0,9.0
33270662,100.0,10.0,10.0,10.0,10.0,10.0,8.0
33292153,100.0,10.0,10.0,10.0,10.0,10.0,10.0
33311422,100.0,10.0,10.0,10.0,10.0,10.0,10.0
33316756,100.0,10.0,10.0,10.0,10.0,10.0,10.0
33370525,100.0,10.0,10.0,10.0,10.0,10.0,8.0
33405043,96.0,10.0,10.0,10.0,10.0,10.0,10.0
33421098,96.0,10.0,9.0,10.0,10.0,10.0,9.0
33421288,92.0,10.0,10.0,10.0,9.0,10.0,9.0
33452479,98.0,10.0,10.0,10.0,10.0,10.0,10.0
33489653,100.0,6.0,10.0,10.0,6.0,10.0,8.0
33489844,100.0,10.0,10.0,10.0,10.0,10.0,10.0
33489920,100.0,10.0,10.0,9.0,10.0,10.0,10.0
33495561,96.0,10.0,10.0,10.0,10.0,10.0,10.0
33526719,98.0,10.0,10.0,10.0,10.0,10.0,10.0
33528893,99.0,10.0,10.0,10.0,10.0,10.0,10.0
33532937,80.0,8.0,6.0,8.0,10.0,8.0,8.0
33537653,80.0,10.0,10.0,10.0,8.0,10.0,10.0
33551880,100.0,10.0,10.0,10.0,10.0,10.0,10.0
33563347,91.0,9.0,10.0,9.0,9.0,10.0,9.0
33608274,99.0,10.0,10.0,10.0,10.0,10.0,10.0
33704566,100.0,10.0,10.0,10.0,10.0,10.0,10.0
33713266,92.0,10.0,10.0,9.0,9.0,8.0,9.0
33715114,100.0,10.0,10.0,10.0,10.0,10.0,10.0
33781225,89.0,10.0,10.0,9.0,10.0,10.0,9.0
33883208,100.0,10.0,10.0,10.0,10.0,10.0,10.0
33942157,82.0,9.0,9.0,9.0,9.0,8.0,8.0
33943537,98.0,10.0,10.0,10.0,10.0,10.0,10.0
33962150,60.0,6.0,8.0,10.0,2.0,6.0,8.0
33992583,82.0,9.0,8.0,9.0,9.0,9.0,8.0
33992962,100.0,10.0,10.0,10.0,10.0,10.0,10.0
34020025,99.0,10.0,10.0,10.0,10.0,9.0,10.0
34065657,93.0,10.0,9.0,10.0,10.0,10.0,9.0
34087400,100.0,10.0,10.0,10.0,10.0,9.0,10.0
34127900,100.0,10.0,10.0,10.0,10.0,10.0,10.0
34129571,95.0,10.0,10.0,10.0,10.0,10.0,10.0
34179551,100.0,10.0,10.0,10.0,10.0,10.0,10.0
34180111,100.0,10.0,10.0,10.0,10.0,10.0,10.0
34180238,100.0,10.0,10.0,10.0,10.0,10.0,10.0
34205792,100.0,10.0,10.0,10.0,10.0,9.0,9.0
34208181,84.0,9.0,8.0,10.0,9.0,9.0,9.0
34209228,90.0,9.0,10.0,10.0,9.0,9.0,8.0
34209303,100.0,10.0,10.0,10.0,10.0,10.0,10.0
34227689,100.0,10.0,10.0,10.0,10.0,10.0,10.0
34228117,99.0,10.0,10.0,10.0,10.0,9.0,10.0
34246050,97.0,10.0,10.0,10.0,10.0,10.0,9.0
34247471,99.0,10.0,10.0,10.0,10.0,10.0,10.0
34287875,100.0,10.0,10.0,10.0,10.0,10.0,10.0
34314752,100.0,10.0,10.0,10.0,10.0,10.0,8.0
34339911,100.0,10.0,10.0,10.0,10.0,10.0,10.0
34369013,100.0,10.0,8.0,10.0,10.0,10.0,10.0
34369451,100.0,10.0,10.0,10.0,10.0,10.0,10.0
34372749,96.0,10.0,10.0,10.0,10.0,10.0,10.0
34383907,98.0,10.0,10.0,10.0,10.0,10.0,10.0
34417651,100.0,10.0,9.0,10.0,10.0,10.0,10.0
34423592,91.0,10.0,9.0,9.0,10.0,10.0,9.0
34437584,60.0,8.0,8.0,4.0,6.0,10.0,8.0
34446936,100.0,10.0,9.0,10.0,10.0,10.0,9.0
34450438,100.0,10.0,10.0,10.0,10.0,10.0,10.0
34470646,96.0,10.0,10.0,10.0,10.0,10.0,9.0
34533200,80.0,8.0,8.0,10.0,6.0,10.0,6.0
34571357,92.0,9.0,10.0,8.0,10.0,10.0,9.0
34571406,98.0,10.0,10.0,10.0,10.0,9.0,9.0
34602830,92.0,10.0,10.0,10.0,10.0,10.0,9.0
34606745,97.0,10.0,10.0,10.0,10.0,9.0,9.0
34629201,99.0,10.0,10.0,10.0,10.0,10.0,9.0
34642889,90.0,9.0,10.0,9.0,8.0,10.0,9.0
34646493,99.0,10.0,10.0,10.0,10.0,10.0,9.0
34656053,99.0,10.0,10.0,10.0,10.0,10.0,10.0
34688624,99.0,10.0,10.0,10.0,10.0,10.0,10.0
34693459,98.0,10.0,10.0,10.0,10.0,10.0,10.0
34723923,98.0,10.0,10.0,10.0,10.0,10.0,10.0
34750018,99.0,10.0,10.0,10.0,10.0,10.0,10.0
34785290,95.0,10.0,10.0,10.0,10.0,10.0,10.0
34836860,92.0,9.0,9.0,10.0,10.0,9.0,9.0
34923652,100.0,10.0,10.0,10.0,10.0,10.0,10.0
34923698,100.0,10.0,10.0,10.0,10.0,10.0,10.0
34931081,100.0,10.0,10.0,10.0,10.0,10.0,10.0
34931105,100.0,10.0,10.0,10.0,10.0,10.0,8.0
34931166,100.0,10.0,10.0,10.0,10.0,10.0,10.0
34937940,97.0,10.0,10.0,10.0,10.0,10.0,9.0
34978114,100.0,10.0,10.0,10.0,10.0,10.0,10.0
34981775,100.0,10.0,10.0,10.0,10.0,10.0,10.0
35036286,100.0,10.0,10.0,10.0,10.0,10.0,10.0
35093206,91.0,10.0,9.0,10.0,10.0,10.0,9.0
35125616,95.0,10.0,9.0,10.0,10.0,10.0,9.0
35132748,100.0,10.0,10.0,10.0,10.0,10.0,10.0
35167871,100.0,10.0,10.0,10.0,10.0,10.0,10.0
35194508,100.0,10.0,10.0,10.0,10.0,10.0,10.0
35224081,100.0,10.0,10.0,10.0,10.0,9.0,10.0
35343061,100.0,10.0,10.0,10.0,10.0,10.0,10.0
35343196,98.0,10.0,10.0,10.0,10.0,10.0,9.0
35346074,100.0,10.0,10.0,10.0,10.0,10.0,9.0
35351379,100.0,10.0,10.0,10.0,10.0,10.0,8.0
35376420,87.0,9.0,9.0,10.0,9.0,9.0,9.0
35378291,98.0,10.0,10.0,10.0,10.0,10.0,10.0
35387067,99.0,10.0,10.0,10.0,10.0,10.0,10.0
35389043,100.0,10.0,10.0,10.0,10.0,9.0,10.0
35466895,100.0,10.0,10.0,10.0,10.0,10.0,10.0
35472694,98.0,10.0,10.0,10.0,10.0,10.0,9.0
35494116,96.0,10.0,9.0,10.0,10.0,9.0,10.0
35494221,89.0,9.0,9.0,10.0,10.0,10.0,9.0
35494267,92.0,10.0,9.0,10.0,10.0,10.0,9.0
35494371,90.0,10.0,9.0,10.0,10.0,10.0,9.0
35494419,88.0,9.0,9.0,10.0,10.0,9.0,9.0
35517609,97.0,10.0,10.0,10.0,10.0,8.0,9.0
35610787,90.0,9.0,8.0,9.0,8.0,10.0,6.0
35615829,90.0,10.0,10.0,10.0,10.0,10.0,10.0
35634903,100.0,10.0,10.0,10.0,10.0,10.0,10.0
35642877,67.0,8.0,9.0,7.0,5.0,9.0,7.0
35643330,95.0,10.0,10.0,10.0,10.0,10.0,10.0
35643928,90.0,9.0,10.0,8.0,9.0,10.0,8.0
35646279,100.0,10.0,10.0,10.0,10.0,9.0,10.0
35674827,98.0,10.0,9.0,10.0,10.0,10.0,10.0
35691437,93.0,10.0,10.0,10.0,10.0,9.0,10.0
35710003,96.0,10.0,9.0,10.0,10.0,10.0,10.0
35710065,98.0,10.0,10.0,10.0,10.0,10.0,10.0
35713376,100.0,10.0,10.0,10.0,10.0,10.0,10.0
35713580,100.0,10.0,10.0,10.0,10.0,10.0,10.0
35768977,97.0,10.0,10.0,10.0,10.0,9.0,9.0
35773104,98.0,10.0,10.0,10.0,10.0,10.0,10.0
35806934,100.0,10.0,10.0,10.0,10.0,10.0,10.0
35826414,100.0,10.0,10.0,10.0,10.0,10.0,10.0
35831992,100.0,10.0,10.0,10.0,10.0,10.0,10.0
35840351,95.0,10.0,10.0,10.0,10.0,10.0,9.0
35878510,100.0,10.0,10.0,10.0,10.0,10.0,10.0
35911250,98.0,10.0,10.0,10.0,10.0,10.0,10.0
35917180,100.0,10.0,10.0,10.0,10.0,10.0,10.0
35938695,100.0,10.0,10.0,10.0,10.0,10.0,10.0
35944237,98.0,10.0,10.0,10.0,10.0,10.0,10.0
36001435,99.0,10.0,10.0,10.0,10.0,9.0,10.0
36005275,83.0,9.0,9.0,10.0,9.0,9.0,9.0
36007807,96.0,10.0,10.0,10.0,10.0,10.0,10.0
36029332,99.0,10.0,10.0,10.0,10.0,10.0,10.0
36054521,96.0,10.0,9.0,10.0,10.0,10.0,9.0
36079270,98.0,10.0,10.0,10.0,10.0,9.0,10.0
36082731,96.0,10.0,9.0,10.0,10.0,10.0,10.0
36115280,100.0,10.0,10.0,10.0,10.0,10.0,10.0
36118946,99.0,10.0,10.0,10.0,10.0,10.0,10.0
36140148,100.0,10.0,10.0,10.0,10.0,9.0,10.0
36140875,85.0,10.0,10.0,10.0,10.0,8.0,9.0
36201746,100.0,9.0,10.0,10.0,10.0,10.0,10.0
36205230,97.0,10.0,10.0,10.0,10.0,10.0,9.0
36302028,100.0,10.0,10.0,10.0,10.0,10.0,10.0
36354600,100.0,10.0,8.0,10.0,9.0,10.0,10.0
36386261,60.0,6.0,6.0,10.0,10.0,10.0,6.0
36388791,95.0,10.0,10.0,9.0,10.0,9.0,10.0
36393006,87.0,9.0,7.0,10.0,10.0,10.0,8.0
36393250,85.0,10.0,8.0,9.0,10.0,8.0,9.0
36420593,100.0,10.0,10.0,10.0,10.0,10.0,10.0
36456649,100.0,10.0,10.0,10.0,10.0,10.0,10.0
36458498,100.0,10.0,10.0,10.0,10.0,8.0,10.0
36520545,92.0,9.0,8.0,10.0,10.0,10.0,8.0
36524556,100.0,10.0,8.0,10.0,10.0,8.0,8.0
36635428,100.0,10.0,10.0,10.0,10.0,10.0,10.0
36638474,100.0,10.0,10.0,10.0,10.0,10.0,10.0
36638830,80.0,10.0,8.0,10.0,10.0,10.0,8.0
36668286,100.0,9.0,10.0,10.0,10.0,10.0,10.0
36676914,100.0,10.0,10.0,10.0,10.0,10.0,10.0
36683638,88.0,10.0,10.0,10.0,9.0,10.0,9.0
36703566,95.0,10.0,9.0,10.0,10.0,10.0,10.0
36778591,100.0,10.0,10.0,8.0,10.0,8.0,8.0
36904149,96.0,10.0,10.0,10.0,10.0,10.0,10.0
36906544,100.0,10.0,10.0,10.0,10.0,10.0,10.0
36974309,80.0,10.0,8.0,10.0,10.0,10.0,8.0
36974763,80.0,6.0,9.0,7.0,9.0,10.0,9.0
36974960,95.0,10.0,9.0,10.0,10.0,10.0,10.0
37013961,100.0,10.0,6.0,10.0,10.0,10.0,8.0
37049589,100.0,10.0,10.0,10.0,10.0,10.0,10.0
37180404,99.0,10.0,10.0,10.0,10.0,10.0,10.0
37220516,100.0,10.0,10.0,10.0,10.0,10.0,10.0
37376500,100.0,10.0,10.0,10.0,10.0,10.0,10.0
37390486,100.0,10.0,10.0,10.0,10.0,10.0,10.0
37457424,100.0,10.0,10.0,10.0,10.0,10.0,9.0
37526662,80.0,10.0,8.0,10.0,10.0,10.0,6.0
37538105,99.0,10.0,10.0,10.0,10.0,10.0,10.0
37557184,99.0,10.0,10.0,10.0,10.0,10.0,10.0
37571304,100.0,10.0,9.0,10.0,10.0,10.0,10.0
37604044,99.0,10.0,10.0,10.0,10.0,10.0,10.0
37604966,100.0,10.0,10.0,10.0,10.0,10.0,10.0
37624397,92.0,10.0,9.0,10.0,10.0,9.0,9.0
37631315,100.0,10.0,10.0,10.0,10.0,10.0,10.0
37643092,100.0,9.0,10.0,10.0,10.0,10.0,10.0
37663203,100.0,10.0,10.0,10.0,10.0,10.0,10.0
37684875,94.0,10.0,10.0,10.0,10.0,10.0,9.0
37686196,100.0,10.0,10.0,10.0,10.0,10.0,10.0
37686665,98.0,10.0,10.0,10.0,10.0,10.0,9.0
37719997,100.0,10.0,9.0,10.0,10.0,10.0,10.0
37783256,100.0,10.0,10.0,10.0,10.0,10.0,10.0
37831938,100.0,10.0,10.0,10.0,10.0,10.0,10.0
37864340,98.0,10.0,10.0,10.0,10.0,10.0,10.0
37867895,86.0,9.0,9.0,10.0,10.0,8.0,9.0
37881402,100.0,10.0,10.0,10.0,10.0,10.0,10.0
37883662,100.0,10.0,10.0,10.0,10.0,10.0,10.0
37913196,99.0,10.0,10.0,10.0,10.0,9.0,10.0
37913775,96.0,10.0,10.0,10.0,10.0,10.0,9.0
37947474,100.0,10.0,9.0,10.0,10.0,10.0,10.0
38012425,94.0,10.0,10.0,10.0,10.0,10.0,9.0
38040608,100.0,10.0,10.0,10.0,10.0,10.0,10.0
38040744,100.0,10.0,10.0,10.0,10.0,10.0,10.0
38040767,80.0,10.0,10.0,8.0,10.0,10.0,10.0
38127804,100.0,10.0,10.0,10.0,10.0,9.0,10.0
38129278,95.0,10.0,10.0,10.0,10.0,10.0,9.0
38317894,100.0,10.0,10.0,10.0,10.0,10.0,9.0
38320462,100.0,10.0,10.0,10.0,10.0,10.0,10.0
38346769,100.0,10.0,10.0,10.0,10.0,10.0,10.0
38406252,100.0,10.0,10.0,10.0,10.0,9.0,10.0
38415648,100.0,10.0,10.0,10.0,10.0,10.0,10.0
38438823,99.0,10.0,10.0,10.0,10.0,10.0,10.0
38484901,100.0,10.0,10.0,9.0,10.0,8.0,8.0
38486895,88.0,9.0,7.0,10.0,10.0,9.0,9.0
38551079,100.0,10.0,10.0,10.0,10.0,10.0,9.0
38555409,100.0,10.0,10.0,10.0,10.0,10.0,10.0
38586329,100.0,10.0,10.0,10.0,10.0,10.0,10.0
38586866,93.0,9.0,10.0,9.0,9.0,10.0,9.0
38621753,100.0,10.0,10.0,10.0,10.0,10.0,10.0
38628412,100.0,10.0,10.0,10.0,10.0,10.0,10.0
38630128,98.0,10.0,10.0,10.0,10.0,10.0,10.0
38637498,94.0,10.0,10.0,10.0,10.0,9.0,10.0
38666051,95.0,10.0,10.0,10.0,10.0,10.0,10.0
38667021,100.0,10.0,10.0,10.0,10.0,10.0,10.0
38675661,96.0,10.0,9.0,10.0,10.0,10.0,9.0
38699317,100.0,10.0,10.0,10.0,10.0,10.0,10.0
38729156,100.0,10.0,10.0,10.0,10.0,10.0,10.0
38782076,95.0,10.0,10.0,10.0,10.0,10.0,9.0
38794038,99.0,10.0,10.0,10.0,10.0,10.0,10.0
38798041,99.0,10.0,10.0,10.0,10.0,10.0,9.0
38799959,80.0,10.0,10.0,10.0,8.0,10.0,10.0
38822604,91.0,10.0,10.0,10.0,10.0,10.0,9.0
38884411,100.0,10.0,10.0,10.0,10.0,9.0,9.0
38930864,96.0,10.0,10.0,10.0,10.0,10.0,10.0
38957587,100.0,10.0,10.0,10.0,10.0,10.0,6.0
38984642,99.0,10.0,10.0,10.0,10.0,10.0,10.0
39275317,100.0,10.0,10.0,10.0,10.0,10.0,10.0
39285396,80.0,10.0,8.0,10.0,8.0,10.0,8.0
39337552,99.0,10.0,10.0,10.0,10.0,10.0,10.0
39390698,60.0,6.0,6.0,10.0,10.0,10.0,6.0
39422632,100.0,10.0,10.0,10.0,10.0,10.0,10.0
39423242,98.0,10.0,10.0,10.0,10.0,10.0,10.0
39465751,100.0,10.0,10.0,10.0,10.0,10.0,10.0
39470922,100.0,10.0,10.0,10.0,8.0,10.0,10.0
39488743,100.0,10.0,10.0,10.0,10.0,9.0,10.0
39533902,100.0,10.0,10.0,10.0,10.0,10.0,10.0
39557732,100.0,10.0,10.0,10.0,10.0,10.0,10.0
39557863,100.0,10.0,10.0,10.0,10.0,10.0,10.0
39557901,100.0,10.0,10.0,10.0,10.0,10.0,10.0
39564822,97.0,10.0,10.0,10.0,10.0,10.0,9.0
39564992,98.0,10.0,10.0,10.0,10.0,10.0,10.0
39582229,100.0,10.0,10.0,8.0,10.0,10.0,10.0
39588942,100.0,10.0,4.0,10.0,10.0,10.0,10.0
39590881,100.0,10.0,10.0,10.0,10.0,9.0,9.0
39632562,99.0,10.0,10.0,10.0,10.0,10.0,10.0
39653265,100.0,10.0,9.0,10.0,10.0,10.0,9.0
39698918,100.0,10.0,10.0,10.0,10.0,10.0,10.0
39721489,91.0,10.0,10.0,9.0,9.0,9.0,9.0
39724134,94.0,10.0,10.0,10.0,10.0,10.0,10.0
39775621,90.0,10.0,10.0,10.0,10.0,10.0,10.0
39783000,100.0,10.0,10.0,10.0,10.0,10.0,10.0
39842754,100.0,10.0,10.0,10.0,10.0,10.0,10.0
39891914,100.0,10.0,10.0,10.0,10.0,10.0,10.0
39893139,100.0,10.0,8.0,10.0,10.0,8.0,10.0
39903426,100.0,8.0,10.0,10.0,10.0,10.0,10.0
39919870,99.0,10.0,10.0,10.0,10.0,10.0,10.0
39952962,99.0,10.0,10.0,10.0,10.0,10.0,10.0
39955614,100.0,10.0,9.0,10.0,10.0,10.0,10.0
39964120,100.0,10.0,10.0,10.0,10.0,10.0,10.0
39972004,87.0,9.0,10.0,10.0,10.0,7.0,9.0
39972011,85.0,9.0,10.0,10.0,10.0,6.0,9.0
39987814,97.0,10.0,9.0,10.0,10.0,10.0,10.0
39996718,97.0,10.0,10.0,10.0,10.0,10.0,10.0
39996721,99.0,10.0,10.0,10.0,10.0,10.0,10.0
40008524,60.0,4.0,10.0,10.0,10.0,2.0,4.0
40009905,100.0,10.0,10.0,10.0,10.0,10.0,10.0
40042488,100.0,10.0,9.0,10.0,10.0,10.0,9.0
40060683,100.0,10.0,10.0,8.0,10.0,4.0,8.0
40061360,80.0,9.0,10.0,8.0,10.0,8.0,9.0
40063103,100.0,10.0,10.0,10.0,10.0,10.0,10.0
40067689,100.0,10.0,10.0,10.0,10.0,10.0,10.0
40092032,100.0,10.0,10.0,10.0,10.0,10.0,10.0
40112429,100.0,10.0,10.0,10.0,10.0,10.0,9.0
40112442,99.0,10.0,10.0,10.0,10.0,10.0,10.0
40112457,97.0,9.0,10.0,10.0,10.0,10.0,9.0
40112466,98.0,10.0,10.0,10.0,10.0,10.0,10.0
40116682,100.0,10.0,10.0,10.0,10.0,10.0,10.0
40122663,100.0,10.0,10.0,10.0,10.0,10.0,10.0
40136119,100.0,10.0,10.0,10.0,10.0,10.0,10.0
40169734,100.0,10.0,10.0,10.0,10.0,10.0,10.0
40236132,100.0,10.0,10.0,8.0,9.0,10.0,9.0
40258793,80.0,6.0,6.0,10.0,10.0,10.0,4.0
40264868,90.0,10.0,10.0,8.0,10.0,9.0,9.0
40312722,100.0,10.0,10.0,10.0,10.0,10.0,10.0
40394898,100.0,10.0,6.0,6.0,10.0,10.0,10.0
40464215,60.0,6.0,4.0,5.0,9.0,9.0,6.0
40513848,90.0,10.0,10.0,9.0,9.0,10.0,10.0
40619776,100.0,10.0,10.0,10.0,10.0,10.0,10.0
40693560,100.0,10.0,10.0,10.0,10.0,10.0,10.0
40732722,60.0,8.0,8.0,6.0,4.0,10.0,4.0
40735111,100.0,10.0,10.0,10.0,10.0,10.0,10.0
40763935,100.0,10.0,10.0,10.0,10.0,10.0,10.0
40799999,97.0,10.0,9.0,10.0,10.0,10.0,10.0
40944517,93.0,10.0,10.0,9.0,10.0,10.0,9.0
40973842,100.0,10.0,10.0,10.0,10.0,10.0,8.0
41012102,80.0,8.0,6.0,10.0,10.0,10.0,8.0
41084860,100.0,10.0,10.0,10.0,10.0,10.0,10.0
41111652,100.0,10.0,10.0,10.0,10.0,10.0,10.0
41152961,100.0,10.0,10.0,10.0,10.0,10.0,8.0
41209658,80.0,6.0,8.0,6.0,2.0,6.0,2.0
41419261,100.0,10.0,10.0,10.0,10.0,10.0,10.0
41422315,67.0,7.0,6.0,7.0,6.0,7.0,6.0
41431867,93.0,10.0,10.0,10.0,10.0,10.0,10.0
41502513,100.0,10.0,10.0,10.0,10.0,10.0,10.0
41560505,100.0,10.0,10.0,10.0,10.0,10.0,10.0
41591955,100.0,10.0,10.0,10.0,10.0,10.0,10.0
41644815,100.0,10.0,10.0,10.0,10.0,10.0,10.0
41685589,100.0,10.0,10.0,10.0,10.0,10.0,10.0
41685917,100.0,10.0,10.0,10.0,10.0,10.0,10.0
41770468,100.0,10.0,10.0,10.0,10.0,10.0,10.0
41879116,100.0,10.0,10.0,10.0,10.0,10.0,10.0
41886688,100.0,10.0,10.0,10.0,10.0,10.0,6.0
41890513,100.0,9.0,10.0,9.0,10.0,9.0,10.0
41913547,100.0,8.0,10.0,10.0,10.0,10.0,8.0
41941670,100.0,10.0,10.0,10.0,10.0,10.0,10.0
41962430,96.0,9.0,10.0,10.0,10.0,10.0,10.0
41976381,100.0,10.0,10.0,10.0,10.0,10.0,10.0
41976745,100.0,10.0,10.0,10.0,10.0,10.0,10.0
42021656,100.0,10.0,10.0,10.0,10.0,10.0,10.0
42042778,100.0,10.0,10.0,9.0,10.0,10.0,9.0
42044647,100.0,10.0,10.0,10.0,10.0,10.0,10.0
42095260,100.0,10.0,10.0,10.0,10.0,10.0,10.0
42126234,80.0,8.0,10.0,10.0,9.0,10.0,7.0
42140976,100.0,10.0,10.0,10.0,10.0,10.0,10.0
42152933,100.0,10.0,10.0,10.0,10.0,10.0,10.0
42205587,100.0,10.0,10.0,10.0,10.0,10.0,8.0
42433950,100.0,10.0,10.0,10.0,10.0,10.0,10.0
42484387,100.0,10.0,10.0,10.0,10.0,10.0,10.0
42517775,100.0,10.0,10.0,10.0,10.0,10.0,8.0
42629673,100.0,10.0,10.0,10.0,10.0,10.0,10.0
43198515,100.0,10.0,10.0,10.0,10.0,10.0,10.0
43228612,100.0,10.0,10.0,10.0,10.0,10.0,10.0
43269156,100.0,10.0,10.0,10.0,10.0,10.0,10.0
43348911,100.0,10.0,9.0,10.0,10.0,10.0,10.0
43432057,80.0,8.0,10.0,8.0,10.0,10.0,10.0
