Urban area,Motor vehicle,Walk,Tech workers,Insured,Broadband,Median rent,Gini index,College,High school,No high school,Has rapid transit
"Aberdeen--Bel Air South--Bel Air North, MD",0.909970369,0.010547109,5232,0.962115494,0.89468123,1234,0.4273,0.367897325,0.559832918,0.072269757,Yes
"Abilene, TX",0.888628105,0.031728646,567,0.856491105,0.753253822,822,0.456,0.245740612,0.620045202,0.134214186,No
"Akron, OH",0.922375046,0.010904779,7004,0.944340338,0.82669424,787,0.4559,0.289675384,0.626027083,0.084297533,No
"Albany, GA",0.902176321,0.022926127,448,0.854641079,0.7674855,689,0.4706,0.232903193,0.641649568,0.125447239,No
"Albany--Schenectady, NY",0.865016869,0.035418175,11849,0.967417615,0.857791409,967,0.4574,0.386265763,0.531278066,0.082456171,Yes
"Albuquerque, NM",0.896003416,0.02061191,10032,0.931852951,0.843379746,863,0.4636,0.343562191,0.562311471,0.094126338,No
"Alexandria, LA",0.88765989,0.024995366,236,0.923721818,0.768582874,784,0.5041,0.229797708,0.599385577,0.170816715,No
"Allentown, PA--NJ",0.910435151,0.019755203,8224,0.940044008,0.830979239,981,0.4549,0.286304547,0.606923257,0.106772196,Yes
"Alton, IL--MO",0.92942019,0.010636041,944,0.943771116,0.786948408,744,0.4297,0.210652541,0.684374892,0.104972566,No
"Altoona, PA",0.895422104,0.039089796,775,0.963821209,0.802752573,696,0.4637,0.216314423,0.684260289,0.099425287,No
"Amarillo, TX",0.948972596,0.011562195,1089,0.827854903,0.808398603,816,0.4648,0.227262535,0.602580202,0.170157264,No
"Anchorage, AK",0.873395034,0.035537152,3151,0.879331167,0.892657327,1277,0.4291,0.338586244,0.576516181,0.084897574,Yes
"Anderson, IN",0.911314489,0.021894657,457,0.921275853,0.749096805,691,0.4549,0.185592908,0.679472615,0.134934477,No
"Anderson, SC",0.945769171,0.008034197,753,0.889920378,0.661814695,768,0.4757,0.223073744,0.61431819,0.162608067,No
"Ann Arbor, MI",0.782217911,0.080775614,7656,0.972770643,0.873057497,1034,0.4825,0.539778359,0.405573403,0.054648238,Yes
"Anniston--Oxford, AL",0.92480696,0.016218768,304,0.891571218,0.737511228,629,0.4706,0.212941624,0.655998878,0.131059498,No
"Antioch, CA",0.866249437,0.014459901,2759,0.942769552,0.907782822,1697,0.4197,0.217391732,0.631242893,0.151365375,Yes
"Appleton, WI",0.911159489,0.02139479,3044,0.963242409,0.876573157,774,0.4391,0.321678184,0.625972267,0.052349549,No
"Asheville, NC",0.870522437,0.013909725,3334,0.883694537,0.805323482,931,0.4466,0.388356493,0.519272747,0.092370761,No
"Athens-Clarke County, GA",0.822067279,0.041336533,1427,0.881559318,0.865808509,848,0.5194,0.453249642,0.440516977,0.106233381,No
"Atlanta, GA",0.854747169,0.0143239,113121,0.868071501,0.878861368,1141,0.4734,0.406496165,0.495245695,0.09825814,Yes
"Atlantic City, NJ",0.829836189,0.040948217,2963,0.908795365,0.82619491,1022,0.48,0.313816519,0.557191739,0.128991742,No
"Auburn, AL",0.912079011,0.049434327,1472,0.935426211,0.849573974,793,0.5075,0.40618816,0.511007586,0.082804255,No
"Augusta-Richmond County, GA--SC",0.922331081,0.018249551,4588,0.887076627,0.808988606,851,0.4588,0.278875473,0.583864807,0.13725972,No
"Austin, TX",0.853609119,0.017970825,58110,0.888989853,0.898995001,1250,0.4589,0.476776809,0.43587963,0.087343561,Yes
"Avondale--Goodyear, AZ",0.906959554,0.010755847,2657,0.889568757,0.877967107,1205,0.4041,0.267366576,0.596351363,0.136282062,No
"Bakersfield, CA",0.923204694,0.008544347,2788,0.91542232,0.840443686,992,0.4492,0.178568471,0.573244452,0.248187077,No
"Baltimore, MD",0.826883685,0.026462063,61661,0.945720859,0.852475236,1255,0.4582,0.398136378,0.500642541,0.101221081,Yes
"Barnstable Town, MA",0.902951356,0.01514933,1726,0.966897886,0.87489851,1252,0.4461,0.410560622,0.539561208,0.04987817,Yes
"Baton Rouge, LA",0.934689519,0.010523915,5539,0.924346425,0.82628713,911,0.4747,0.317010396,0.573762898,0.109226706,No
"Battle Creek, MI",0.923371399,0.04162341,665,0.963482059,0.805845511,693,0.488,0.23489617,0.681804812,0.083299018,No
"Bay City, MI",0.937980558,0.007214714,216,0.935074517,0.796205153,601,0.4737,0.219914297,0.688831191,0.091254512,No
"Beaumont, TX",0.959860164,0.006739839,313,0.840794615,0.766451338,819,0.4823,0.237073076,0.627145458,0.135781467,No
"Bellingham, WA",0.82910684,0.065012312,1993,0.962230581,0.889366355,1080,0.4604,0.454988387,0.493701404,0.051310209,No
"Beloit, WI--IL",0.935277926,0.018005964,415,0.915447076,0.839430894,787,0.3958,0.169766345,0.699401584,0.130832071,No
"Billings, MT",0.919122764,0.031803836,1373,0.93154645,0.861145691,834,0.4865,0.324523041,0.589248901,0.086228059,No
"Binghamton, NY--PA",0.892376183,0.030288576,1877,0.95063525,0.788480762,755,0.4959,0.279689758,0.616200433,0.104109809,Yes
"Birmingham, AL",0.923430429,0.014092731,9628,0.913383002,0.82894207,897,0.4924,0.375367904,0.538237819,0.086394277,Yes
"Bismarck, ND",0.95102797,0.007369968,1120,0.94269341,0.821766103,863,0.4581,0.329078976,0.608683305,0.062237718,No
"Bloomington, IN",0.782982381,0.081095115,1593,0.941990953,0.85741168,853,0.5088,0.501681443,0.413184444,0.085134113,No
"Bloomington--Normal, IL",0.889258283,0.039335664,6705,0.962716842,0.82235449,806,0.5084,0.485805035,0.478863912,0.035331052,No
"Boise City, ID",0.897464856,0.014637169,8082,0.919364448,0.815483795,928,0.471,0.36096803,0.589106489,0.049925482,Yes
"Bonita Springs, FL",0.89221843,0.006757803,1685,0.863142513,0.857044604,1302,0.5115,0.383882648,0.511188605,0.104928747,No
"Boston, MA--NH--RI",0.720641044,0.055999922,118575,0.970568897,0.872654163,1410,0.485,0.478439176,0.433873276,0.087687548,Yes
"Bowling Green, KY",0.93764988,0.032374101,690,0.938527065,0.854495801,769,0.4808,0.307031132,0.570046849,0.122922019,No
"Bremerton, WA",0.744401924,0.062790989,3293,0.962830902,0.918003881,1178,0.4072,0.336712453,0.611819904,0.051467643,Yes
"Bridgeport--Stamford, CT--NY",0.800122772,0.027399709,13281,0.917489361,0.862854677,1422,0.5369,0.460239206,0.432587855,0.107172938,Yes
"Bristol--Bristol, TN--VA",0.949588702,0.009973065,265,0.915934083,0.797967377,690,0.4317,0.254354323,0.598371638,0.147274039,No
"Brownsville, TX",0.950049082,0.007525923,407,0.686496247,0.367413244,696,0.4522,0.189756726,0.454389975,0.355853299,No
"Buffalo, NY",0.892344101,0.025121919,9752,0.964923463,0.812353133,775,0.4731,0.337058166,0.578676529,0.084265305,Yes
"Burlington, NC",0.948113508,0.006410256,1624,0.873432408,0.789814973,791,0.4662,0.279768607,0.559018348,0.161213045,No
"Burlington, VT",0.764781364,0.111851413,3480,0.965703435,0.844808647,1273,0.4728,0.501292834,0.42181906,0.076888106,No
"Camarillo, CA",0.88521167,0.005320366,1459,0.958562031,0.921875577,1951,0.4585,0.457909671,0.480866241,0.061224088,No
"Canton, OH",0.927138157,0.013366684,2614,0.939351524,0.847445056,731,0.4383,0.219083748,0.694339067,0.086577185,No
"Cape Coral, FL",0.903851554,0.012023174,3217,0.862732265,0.860677136,1104,0.467,0.259043976,0.636548993,0.104407031,No
"Carbondale, IL",0.853767242,0.056479809,80,0.928456727,0.802996032,681,0.4977,0.292378856,0.639869394,0.06775175,No
"Casper, WY",0.911987813,0.014736057,516,0.866441459,0.836076342,875,0.4234,0.257814779,0.674864798,0.067320423,No
"Cedar Rapids, IA",0.931355305,0.018507785,4594,0.956643417,0.864166864,736,0.4082,0.332246265,0.61496346,0.052790275,No
"Champaign, IL",0.747610078,0.088657253,2978,0.966007437,0.828779365,819,0.5456,0.508410582,0.45303386,0.038555558,No
"Charleston, WV",0.893311787,0.034051184,1897,0.938717424,0.786392849,647,0.4872,0.27882189,0.60482656,0.11635155,No
"Charleston--North Charleston, SC",0.881047734,0.022302586,9171,0.885516146,0.814957794,1116,0.473,0.369184941,0.547762425,0.083052634,No
"Charlotte, NC--SC",0.865105184,0.015807797,34774,0.897546614,0.887082679,1092,0.4829,0.449425394,0.4631533,0.087421306,Yes
"Charlottesville, VA",0.787322467,0.083290439,2111,0.940962299,0.859410487,1186,0.5059,0.587861245,0.341529508,0.070609247,No
"Chattanooga, TN--GA",0.911329547,0.020662066,4790,0.900411922,0.774967789,826,0.495,0.29869579,0.611873692,0.089430518,Yes
"Cheyenne, WY",0.872578975,0.045209736,536,0.882863427,0.822209491,956,0.4316,0.265567696,0.642935461,0.091496843,No
"Chicago, IL--IN",0.762648384,0.031252699,148494,0.921368286,0.83809596,1087,0.4869,0.385876581,0.495529336,0.118594083,Yes
"Chico, CA",0.840945833,0.050057459,1275,0.938504556,0.902857546,998,0.482,0.363665944,0.580461729,0.055872327,No
"Cincinnati, OH--KY--IN",0.898809905,0.020008044,32304,0.951012784,0.860415716,806,0.4659,0.362268847,0.551852628,0.085878525,No
"Clarksville, TN--KY",0.922674491,0.033823513,1482,0.91200588,0.888681159,970,0.4294,0.262169673,0.648810284,0.089020043,No
"Cleveland, OH",0.893913017,0.01887086,25704,0.953242185,0.819368333,807,0.4902,0.334499166,0.576176446,0.089324388,Yes
"Cleveland, TN",0.906182246,0.027999752,591,0.876450412,0.832560244,750,0.4281,0.214536174,0.646382601,0.139081225,No
"Coeur d'Alene, ID",0.922465486,0.012092356,664,0.92291689,0.866860452,978,0.3966,0.268209173,0.678325454,0.053465373,No
"College Station--Bryan, TX",0.898578391,0.015204258,2678,0.876677462,0.824251892,909,0.519,0.413773137,0.440908093,0.145318771,No
"Colorado Springs, CO",0.877924139,0.028420792,13665,0.930459147,0.907027701,1133,0.425,0.383319942,0.550789262,0.065890796,No
"Columbia, MO",0.859824327,0.04572994,2126,0.903580665,0.805287815,863,0.4597,0.487878987,0.461111476,0.051009536,No
"Columbia, SC",0.873485051,0.059682619,9242,0.900850403,0.838410332,916,0.4785,0.369153309,0.544340083,0.086506607,Yes
"Columbus, GA--AL",0.885879158,0.012530307,2259,0.879124107,0.747488423,828,0.4922,0.234633297,0.634859699,0.130507004,No
"Columbus, OH",0.888536216,0.021433257,35907,0.932209203,0.886056436,933,0.4616,0.404409396,0.511504648,0.084085956,No
"Concord, CA",0.757051618,0.019625485,26647,0.970432072,0.92673214,2093,0.4598,0.597662612,0.355145274,0.047192115,Yes
"Concord, NC",0.914030215,0.005439918,2782,0.896774475,0.831024471,785,0.4437,0.256572661,0.5981767,0.145250639,No
"Conroe--The Woodlands, TX",0.883376573,0.012833959,4686,0.863492488,0.917615841,1223,0.5022,0.410560205,0.484862601,0.104577193,No
"Corpus Christi, TX",0.936780571,0.012091571,1201,0.834158939,0.837446129,971,0.474,0.217575466,0.616777407,0.165647127,No
"Dallas--Fort Worth--Arlington, TX",0.907108307,0.013377025,121776,0.824894522,0.869565453,1084,0.467,0.344615913,0.498555841,0.156828246,Yes
"Dalton, GA",0.971305777,0.013854127,493,0.811240828,0.842676498,703,0.4681,0.143106204,0.491627924,0.365265872,No
"Danbury, CT--NY",0.898831731,0.009454879,3877,0.901134697,0.891359807,1409,0.4457,0.395941199,0.486896121,0.11716268,No
"Davenport, IA--IL",0.92720928,0.019211452,2826,0.949419273,0.818241194,749,0.4453,0.275006007,0.624672245,0.100321748,No
"Dayton, OH",0.91627291,0.023050242,13314,0.941205371,0.85136473,770,0.4594,0.310918266,0.59229166,0.096790075,Yes
"Decatur, AL",0.963314603,0.004424207,407,0.905630827,0.794672221,628,0.4486,0.227091307,0.64344925,0.129459443,No
"Decatur, IL",0.906948672,0.010260313,511,0.956644326,0.800970739,665,0.4853,0.228290461,0.682148927,0.089560612,No
"DeKalb, IL",0.893571261,0.038612763,764,0.933581883,0.853770869,816,0.4545,0.330642522,0.594660194,0.074697284,No
"Deltona, FL",0.917622956,0.011694979,1930,0.895660071,0.798127946,1039,0.4161,0.214461951,0.678447753,0.107090295,No
"Denton--Lewisville, TX",0.881920498,0.017611555,12931,0.890246022,0.935208711,1142,0.4358,0.467632312,0.447524694,0.084842994,Yes
"Denver--Aurora, CO",0.82981085,0.020777794,72559,0.925728757,0.891160008,1354,0.4476,0.435931343,0.471999748,0.092068909,Yes
"Des Moines, IA",0.906260717,0.018931738,11995,0.954042222,0.848821716,888,0.4398,0.38078588,0.534184987,0.085029133,No
"Detroit, MI",0.921482362,0.014766559,55553,0.94821781,0.824462334,902,0.4861,0.314824211,0.581101609,0.10407418,Yes
"Dothan, AL",0.964434115,0.005211635,174,0.899541718,0.776035877,717,0.4967,0.247491353,0.630150732,0.122357915,No
"Dover, DE",0.89598664,0.01983741,1045,0.930947445,0.891559175,977,0.4365,0.274888119,0.615856891,0.10925499,No
"Dover--Rochester, NH--ME",0.893141251,0.048264535,2225,0.937825211,0.863725032,1069,0.4179,0.311027142,0.588401005,0.100571853,No
"Dubuque, IA--IL",0.922630896,0.025241598,1193,0.957041934,0.822802001,756,0.4753,0.316827637,0.605433543,0.07773882,No
"Duluth, MN--WI",0.83997398,0.070385429,1139,0.951150527,0.830178518,793,0.4436,0.345443779,0.598960458,0.055595763,No
"Durham, NC",0.832740088,0.033142551,11631,0.888433295,0.853734259,1038,0.4946,0.534165381,0.353269338,0.112565281,Yes
"Eau Claire, WI",0.883793278,0.027998672,1914,0.937635422,0.868419263,769,0.4346,0.32607069,0.615446689,0.058482621,No
"El Centro--Calexico, CA",0.885993329,0.013389965,1005,0.939608082,0.819938121,811,0.4932,0.169681611,0.570426479,0.25989191,No
"Elizabethtown--Radcliff, KY",0.927616985,0.035438893,604,0.949459829,0.719897035,789,0.5033,0.236569864,0.692637137,0.070792999,No
"Elkhart, IN--MI",0.91702432,0.029875506,685,0.903782952,0.824529727,766,0.4301,0.195526035,0.610121322,0.194352642,No
"Elmira, NY",0.880232919,0.045067705,703,0.958264681,0.843446168,801,0.4414,0.255068394,0.633714128,0.111217478,No
"El Paso, TX--NM",0.896448135,0.014872957,4705,0.794994967,0.782645145,810,0.4777,0.219706403,0.556415866,0.223877731,No
"El Paso de Robles (Paso Robles)--Atascadero, CA",0.881373303,0.027386341,934,0.935196195,0.901343555,1325,0.4116,0.257577364,0.67272573,0.069696905,No
"Erie, PA",0.898963164,0.034431683,2154,0.94519369,0.812935839,738,0.4762,0.281911916,0.61626388,0.101824205,No
"Eugene, OR",0.809658847,0.051825291,2427,0.934959902,0.858361633,947,0.4797,0.337684175,0.587481723,0.074834102,No
"Evansville, IN--KY",0.928536284,0.018204774,2843,0.930231641,0.799573648,740,0.4837,0.290458774,0.605804157,0.103737069,No
"Fairfield, CA",0.912016074,0.00937641,1180,0.961253812,0.90910854,1624,0.4384,0.270240563,0.588876327,0.14088311,Yes
"Fargo, ND--MN",0.892307435,0.034278357,4033,0.938843365,0.856611172,792,0.4441,0.406012778,0.550401695,0.043585526,No
"Fayetteville, NC",0.870455545,0.06483222,1907,0.898451411,0.849037739,876,0.4365,0.251537102,0.652761805,0.095701093,Yes
"Fayetteville--Springdale--Rogers, AR--MO",0.942847592,0.014444985,6968,0.892216041,0.710333496,820,0.4688,0.359083024,0.496511606,0.14440537,No
"Flagstaff, AZ",0.822591604,0.104149478,934,0.915963298,0.825920559,1291,0.4892,0.473475517,0.484197931,0.042326553,No
"Flint, MI",0.936948743,0.012945776,3398,0.933846268,0.747630687,727,0.4812,0.213004846,0.695676829,0.091318325,No
"Florence, AL",0.958006687,0.007291907,120,0.884735744,0.779110633,671,0.4653,0.269559858,0.632368936,0.098071206,No
"Florence, SC",0.900582066,0.013041236,613,0.910583384,0.799950503,751,0.4768,0.278683901,0.565656091,0.155660008,No
"Fort Collins, CO",0.821077758,0.022653849,6980,0.933758436,0.888805829,1239,0.4468,0.465251621,0.485792946,0.048955433,Yes
"Fort Smith, AR--OK",0.932810509,0.01527197,1153,0.882771207,0.758407905,639,0.4565,0.192264046,0.62421228,0.183523674,No
"Fort Walton Beach--Navarre--Wright, FL",0.905852937,0.018358531,2629,0.884462112,0.864525958,1135,0.4281,0.35657712,0.595521529,0.047901352,Yes
"Fort Wayne, IN",0.933089297,0.011982939,3395,0.923085307,0.858999515,737,0.4358,0.264411449,0.63133008,0.104258471,No
"Frederick, MD",0.889198942,0.024260284,4334,0.949658237,0.927920422,1395,0.3929,0.458654461,0.46119215,0.080153389,Yes
"Fredericksburg, VA",0.862378625,0.028517432,3900,0.922564673,0.925180832,1325,0.4025,0.383754654,0.536664707,0.079580639,Yes
"Fresno, CA",0.919150655,0.011398363,5246,0.930009698,0.829055782,985,0.4813,0.23482812,0.561596994,0.203574886,No
"Gainesville, FL",0.793824572,0.049520145,2601,0.918726858,0.874849822,962,0.5424,0.444640345,0.490619952,0.064739704,No
"Gainesville, GA",0.917411647,0.008466316,766,0.791881904,0.86290411,900,0.4771,0.239784665,0.510646527,0.249568808,No
"Gastonia, NC--SC",0.944234405,0.01387051,2135,0.901416683,0.783197755,790,0.4543,0.216442189,0.634938652,0.14861916,No
"Gilroy--Morgan Hill, CA",0.891082393,0.022347565,1806,0.955904016,0.894865526,1709,0.4505,0.315686929,0.538399947,0.145913125,No
"Grand Forks, ND--MN",0.867684256,0.056141881,723,0.927351218,0.746697854,729,0.5051,0.339791204,0.598003931,0.062204865,No
"Grand Junction, CO",0.894199622,0.039411527,321,0.92054659,0.845744086,923,0.4633,0.241730309,0.669041377,0.089228314,No
"Grand Rapids, MI",0.904312544,0.020494218,10440,0.944766247,0.859561235,885,0.435,0.368933607,0.537846011,0.093220382,No
"Great Falls, MT",0.895228181,0.040766983,575,0.908029197,0.795127103,691,0.4983,0.266005055,0.64449185,0.089503096,No
"Greeley, CO",0.897816283,0.021495965,1868,0.914717668,0.791464618,973,0.4146,0.241808094,0.58195396,0.176237946,No
"Green Bay, WI",0.911464194,0.022748721,3152,0.947338746,0.856628284,752,0.439,0.331731277,0.573195397,0.095073326,No
"Greensboro, NC",0.898294634,0.016038417,3725,0.90632823,0.697717675,833,0.4814,0.388589628,0.517675521,0.093734851,No
"Greenville, NC",0.919032751,0.016993528,1220,0.927453825,0.858653598,811,0.5076,0.414275083,0.517285705,0.068439213,No
"Greenville, SC",0.908378028,0.018258563,4424,0.879328306,0.817884677,802,0.4863,0.309488573,0.548208944,0.142302482,Yes
"Gulfport, MS",0.927757247,0.042571448,1866,0.857056698,0.818372101,868,0.4401,0.246257636,0.658916292,0.094826072,No
"Hagerstown, MD--WV--PA",0.931434721,0.021825167,3335,0.949904659,0.790003596,939,0.4356,0.22715379,0.648264302,0.124581908,No
"Hammond, LA",0.927455077,0.015183173,268,0.90173677,0.800216333,818,0.4534,0.207575043,0.635322842,0.157102115,No
"Hanford, CA",0.901834031,0.019491173,94,0.93550796,0.85707675,863,0.3828,0.167956081,0.640185811,0.191858108,No
"Hanover, PA",0.895072353,0.045101039,765,0.945405081,0.794546704,926,0.4062,0.236056741,0.649703245,0.114240013,No
"Harlingen, TX",0.892180374,0.031294229,579,0.770240684,0.62065912,665,0.5017,0.163505316,0.524379843,0.312114842,No
"Harrisburg, PA",0.893145282,0.032075584,7447,0.955136391,0.832006929,941,0.4277,0.347037954,0.578111792,0.074850254,Yes
"Harrisonburg, VA",0.83050422,0.086097079,639,0.878538024,0.823945462,892,0.4255,0.38920189,0.441910763,0.168887346,No
"Hartford, CT",0.875823061,0.031918806,17431,0.957094909,0.822537151,1049,0.4636,0.374669185,0.520378537,0.104952279,Yes
"Hattiesburg, MS",0.865841244,0.030980878,759,0.859070766,0.790516535,823,0.4647,0.382698723,0.498799935,0.118501342,No
"Hemet, CA",0.894723149,0.009733403,561,0.902219634,0.845410041,1124,0.4419,0.120423785,0.675621234,0.203954981,No
"Hickory, NC",0.91721064,0.010461733,1040,0.86403598,0.794197064,666,0.4759,0.200499179,0.629888363,0.169612458,No
"High Point, NC",0.9321263,0.017278537,1673,0.885839913,0.821277296,801,0.4381,0.267840296,0.584265499,0.147894205,No
"Hilton Head Island, SC",0.840999734,0.006174481,692,0.8499897,0.884618041,1229,0.5036,0.496300743,0.415852948,0.087846309,No
"Holland, MI",0.925297516,0.021122269,1140,0.95605655,0.860731378,900,0.4358,0.316233287,0.572333194,0.111433518,No
"Houma, LA",0.918066588,0.017711678,386,0.940681459,0.76571408,765,0.493,0.175989058,0.622147492,0.20186345,No
"Houston, TX",0.902074011,0.014212544,78111,0.811238632,0.864607826,1042,0.4909,0.332850844,0.49442414,0.172725015,Yes
"Huntington, WV--KY--OH",0.94271904,0.023265181,828,0.932033084,0.703236654,685,0.5175,0.234748041,0.654568847,0.110683112,No
"Huntsville, AL",0.928656312,0.010377515,9180,0.914078563,0.874463102,805,0.4628,0.448971371,0.473452261,0.077576368,No
"Idaho Falls, ID",0.913771269,0.023807879,765,0.927571095,0.841090182,803,0.433,0.317424931,0.603741876,0.078833193,No
"Indianapolis, IN",0.904955193,0.015157579,25193,0.915296214,0.84374806,905,0.4733,0.387737677,0.505852507,0.106409816,Yes
"Indio--Cathedral City, CA",0.883057612,0.012194249,1183,0.926362394,0.832403061,1100,0.5327,0.256240439,0.585871688,0.157887873,Yes
"Jackson, MI",0.921065765,0.034019075,492,0.943855919,0.841261922,713,0.5055,0.200634203,0.703105234,0.096260563,No
"Jackson, MS",0.953870277,0.011568339,3697,0.90131465,0.863242407,895,0.4579,0.336687447,0.555385982,0.107926572,No
"Jackson, TN",0.947742101,0.005085071,117,0.894493167,0.746299017,860,0.4985,0.258146122,0.619083656,0.122770222,No
"Jacksonville, FL",0.889118291,0.018507861,20707,0.888869953,0.839302712,1023,0.4717,0.30759283,0.59908622,0.093320949,Yes
"Janesville, WI",0.939857288,0.012883679,611,0.936184092,0.826669688,812,0.4045,0.233510484,0.694018746,0.07247077,No
"Johnson City, TN",0.917687001,0.026546755,1731,0.899122483,0.780638395,680,0.5083,0.310072019,0.581130781,0.1087972,No
"Jonesboro, AR",0.944054102,0.016950641,348,0.943214822,0.849080758,761,0.4737,0.287587693,0.601861617,0.11055069,No
"Joplin, MO",0.94170621,0.023445074,1138,0.904096823,0.779782524,772,0.4111,0.260747528,0.638386875,0.100865597,No
"Kailua (Honolulu County)--Kaneohe, HI",0.832935733,0.058284537,1041,0.967131504,0.865833359,2351,0.4076,0.393658875,0.572797691,0.033543434,No
"Kalamazoo, MI",0.903692704,0.028872452,2510,0.950082917,0.86811937,783,0.4709,0.404181756,0.532145572,0.063672673,No
"Kankakee, IL",0.917398634,0.022565286,338,0.934931907,0.777423446,790,0.4582,0.217760125,0.646873316,0.13536656,No
"Kansas City, MO--KS",0.917266081,0.012398385,34749,0.900560157,0.853420267,938,0.4647,0.382144775,0.52860139,0.089253836,Yes
"Kennewick--Pasco, WA",0.914865682,0.006536442,2282,0.910114913,0.838734691,947,0.4144,0.259141009,0.601950895,0.138908095,No
"Kenosha, WI--IL",0.930991382,0.0086343,1041,0.929539651,0.818633966,890,0.4542,0.271776829,0.626040793,0.102182378,Yes
"Killeen, TX",0.895470383,0.040919405,1189,0.87916585,0.880186316,924,0.4016,0.243393518,0.677290716,0.079315767,No
"Kingsport, TN--VA",0.913037232,0.009266132,639,0.922895685,0.757105832,616,0.5204,0.226631956,0.63070615,0.142661894,No
"Kissimmee, FL",0.914070873,0.007121012,3816,0.845873575,0.882633214,1253,0.4029,0.2308507,0.644080788,0.125068512,No
"Knoxville, TN",0.9107506,0.019441678,8168,0.926980702,0.832834631,841,0.4835,0.350060838,0.557848591,0.092090571,Yes
"La Crosse, WI--MN",0.9033025,0.040789034,1346,0.95633128,0.820750927,814,0.4459,0.319964715,0.606211312,0.073823972,No
"Lafayette, IN",0.830932064,0.078735472,2767,0.931883346,0.873794858,794,0.4708,0.426154936,0.497542689,0.076302375,No
"Lafayette, LA",0.918778737,0.014600307,1909,0.904347469,0.812825077,785,0.504,0.298574084,0.572854169,0.128571747,No
"Lafayette--Louisville--Erie, CO",0.764414955,0.010603871,4215,0.976041835,0.928619266,1835,0.4128,0.673558215,0.292525556,0.033916229,No
"Lake Charles, LA",0.944214637,0.023474111,778,0.91760561,0.752102327,813,0.4648,0.261961903,0.621968731,0.116069366,No
"Lake Jackson--Angleton, TX",0.963905473,0.004079602,446,0.821747385,0.87650961,1052,0.4465,0.235316054,0.608595935,0.15608801,No
"Lakeland, FL",0.930989366,0.014667156,2016,0.898433345,0.671299805,957,0.445,0.218303618,0.667954332,0.11374205,No
"Lancaster, PA",0.897887739,0.037296004,4763,0.933129743,0.793957189,980,0.4124,0.309225256,0.576916412,0.113858332,Yes
"Lancaster--Palmdale, CA",0.926653084,0.004912021,2049,0.937021404,0.845827988,1205,0.4407,0.151895277,0.637288983,0.21081574,Yes
"Lansing, MI",0.854732053,0.049200239,5637,0.955743798,0.823244178,850,0.4645,0.399981781,0.528190932,0.071827287,No
"Laredo, TX",0.930924619,0.013371883,1022,0.708281587,0.62985827,805,0.4662,0.176022855,0.521975254,0.302001891,No
"Las Cruces, NM",0.876957959,0.013075106,1752,0.915680968,0.756645204,731,0.4891,0.283075082,0.575935876,0.140989042,No
"Las Vegas--Henderson, NV",0.881442318,0.016184385,17528,0.880636858,0.827326232,1084,0.4666,0.24373718,0.61616112,0.1401017,Yes
"Lawton, OK",0.827175464,0.04448407,318,0.852984384,0.858512691,773,0.4548,0.216008228,0.701452789,0.082538983,No
"Lebanon, PA",0.903844638,0.052216645,557,0.901996954,0.793907821,811,0.4004,0.196908216,0.702797328,0.100294456,No
"Leesburg--Eustis--Tavares, FL",0.903583586,0.010848016,505,0.882056452,0.831479205,914,0.4271,0.225305366,0.661218946,0.113475688,No
"Lee's Summit, MO",0.895329735,0.009472808,2296,0.946638568,0.898972402,1112,0.371,0.456969355,0.498946425,0.04408422,No
"Leominster--Fitchburg, MA",0.893313835,0.02098354,1577,0.947944353,0.840236033,909,0.4554,0.245278391,0.625754231,0.128967378,No
"Lexington-Fayette, KY",0.879989902,0.037160644,3674,0.939410981,0.88504212,853,0.4872,0.436138602,0.488435942,0.075425456,Yes
"Lima, OH",0.917426091,0.017948163,572,0.921589843,0.800904822,643,0.4251,0.188607944,0.696070314,0.115321742,No
"Lincoln, NE",0.910185501,0.03164823,6010,0.925089887,0.874969594,818,0.4432,0.383921455,0.544961016,0.071117528,Yes
"Little Rock, AR",0.922253687,0.014620879,8181,0.930578384,0.806031373,841,0.4803,0.339493036,0.579293778,0.081213186,Yes
"Livermore, CA",0.889819019,0.014138458,2687,0.982667476,0.914793979,1868,0.4195,0.470148423,0.463117036,0.066734541,No
"Lodi, CA",0.922356679,0.010749054,112,0.916737849,0.870191521,1064,0.4818,0.209949937,0.584368854,0.205681209,No
"Logan, UT",0.844764352,0.055641634,1218,0.916869448,0.859882096,796,0.4266,0.421413327,0.508938537,0.069648137,No
"Longmont, CO",0.853617436,0.005411174,1989,0.939951055,0.881269139,1298,0.4386,0.429431007,0.484679791,0.085889202,No
"Longview, TX",0.939096769,0.021102342,215,0.805840872,0.830819117,839,0.4997,0.203025333,0.658116153,0.138858514,No
"Lorain--Elyria, OH",0.953341724,0.015624801,1596,0.941180765,0.744627779,700,0.4518,0.16998949,0.69490483,0.135105679,No
"Los Angeles--Long Beach--Anaheim, CA",0.850584932,0.024036732,156696,0.911621717,0.85941439,1463,0.4917,0.333646606,0.465014941,0.201338453,Yes
"Louisville/Jefferson County, KY--IN",0.893288906,0.014749767,14100,0.949567789,0.832842031,826,0.4611,0.312028098,0.595372018,0.092599884,No
"Lubbock, TX",0.937154063,0.020582282,2286,0.869728762,0.796876969,898,0.5037,0.310684693,0.553933376,0.135381932,No
"Lynchburg, VA",0.858964289,0.040094986,783,0.930082766,0.806676783,819,0.4201,0.329998889,0.561589974,0.108411137,No
"McAllen, TX",0.890741001,0.01105952,2275,0.700393883,0.687919419,702,0.49,0.191588775,0.465487429,0.342923796,No
"McKinney, TX",0.848723293,0.001214349,8180,0.879570676,0.905034424,1413,0.4254,0.48853351,0.430351692,0.081114798,No
"Macon, GA",0.92724193,0.027544126,983,0.861891298,0.722227769,792,0.5451,0.242259535,0.61503664,0.142703826,No
"Madison, WI",0.782494231,0.063316946,20941,0.955179598,0.877622674,1055,0.4439,0.537750037,0.423215367,0.039034596,No
"Manchester, NH",0.894870624,0.023181174,3763,0.912338308,0.881228977,1091,0.4489,0.325480404,0.575326602,0.099192994,No
"Mandeville--Covington, LA",0.910726285,0.006873116,763,0.930536476,0.910249194,1165,0.4551,0.462142916,0.459400835,0.078456249,No
"Mansfield, OH",0.955499821,0.006664278,264,0.932825192,0.732537232,584,0.4438,0.186360635,0.655614032,0.158025334,No
"Manteca, CA",0.939097237,0.015426969,825,0.936069928,0.856489481,1314,0.4101,0.17515285,0.692377227,0.132469923,No
"Marysville, WA",0.913637177,0.001839409,2863,0.944045357,0.88635824,1330,0.3781,0.219501946,0.69241591,0.088082144,No
"Mauldin--Simpsonville, SC",0.933181677,0.007149518,2162,0.946470735,0.922819514,996,0.4083,0.415438794,0.528016386,0.05654482,No
"Medford, OR",0.872302534,0.02907907,843,0.915931038,0.840752895,961,0.4722,0.289908192,0.615565766,0.094526042,No
"Memphis, TN--MS--AR",0.936067187,0.009001912,10527,0.899617437,0.77706513,903,0.4996,0.298074767,0.590192009,0.111733224,Yes
"Merced, CA",0.90007528,0.015690004,355,0.929533179,0.869472477,984,0.4865,0.159706715,0.533872297,0.306420989,No
"Miami, FL",0.873572583,0.013767506,58772,0.844954663,0.810246978,1320,0.5075,0.321536757,0.538858218,0.139605026,Yes
"Middletown, OH",0.966788558,0.003726162,1076,0.915842589,0.838612253,738,0.4171,0.167978675,0.74318405,0.088837275,No
"Midland, TX",0.935242107,0.007401787,234,0.799333,0.843630445,1075,0.4629,0.27371708,0.562894008,0.163388912,No
"Milwaukee, WI",0.878677606,0.026927682,23503,0.941617907,0.806879114,870,0.4777,0.359009478,0.550929798,0.090060724,No
"Minneapolis--St. Paul, MN--WI",0.842859132,0.021938367,78224,0.955329526,0.884262499,1082,0.4532,0.445905713,0.485371267,0.06872302,Yes
"Mission Viejo--Lake Forest--San Clemente, CA",0.859928393,0.015155879,13402,0.956863524,0.934009507,2076,0.4544,0.511872571,0.421152013,0.066975416,Yes
"Missoula, MT",0.801945493,0.068548554,476,0.948077783,0.860121376,778,0.476,0.47424885,0.482551035,0.043200115,No
"Mobile, AL",0.931439736,0.007895658,2210,0.88938259,0.773486287,809,0.5054,0.258236743,0.629024342,0.112738915,No
"Modesto, CA",0.928084971,0.005070474,1419,0.944402147,0.853091246,1135,0.4279,0.167482913,0.620773159,0.211743928,Yes
"Monroe, LA",0.941490577,0.016393443,952,0.930803592,0.672563752,720,0.5174,0.234966399,0.639447421,0.12558618,No
"Montgomery, AL",0.93598721,0.016353763,3080,0.902857235,0.775104918,851,0.4959,0.295209044,0.558843332,0.145947623,No
"Morgantown, WV",0.787606815,0.096979631,1289,0.94870075,0.854998958,809,0.5224,0.473796986,0.453577697,0.072625316,No
"Mount Vernon, WA",0.901578781,0.026965583,211,0.923816315,0.860113497,1095,0.4263,0.220592556,0.639268684,0.14013876,No
"Muncie, IN",0.846549444,0.056399079,895,0.93075835,0.769584092,700,0.5283,0.254023339,0.617115399,0.128861262,No
"Murfreesboro, TN",0.920395738,0.011075986,2577,0.930598145,0.832882356,977,0.4314,0.403588318,0.511648185,0.084763497,No
"Murrieta--Temecula--Menifee, CA",0.902923429,0.005611494,3036,0.939226467,0.914408362,1668,0.4084,0.265054547,0.621904188,0.113041265,Yes
"Muskegon, MI",0.941037049,0.010728097,1139,0.961988526,0.797823974,712,0.4729,0.262373841,0.653926824,0.083699335,No
"Myrtle Beach--Socastee, SC--NC",0.891843924,0.019200258,1117,0.858515402,0.827705845,947,0.4641,0.261090364,0.660735274,0.078174361,No
"Nampa, ID",0.896325876,0.021417419,1594,0.862464132,0.802189552,891,0.3993,0.185692647,0.676407523,0.137899831,No
"Napa, CA",0.906776582,0.025230504,403,0.91067421,0.889840405,1764,0.4293,0.355042576,0.498370144,0.14658728,No
"Nashua, NH--MA",0.912577368,0.012487835,7581,0.957135553,0.925278011,1213,0.418,0.376589268,0.561032139,0.062378592,Yes
"Nashville-Davidson, TN",0.891618169,0.016317209,19048,0.892472648,0.867089475,1091,0.4702,0.417256737,0.493957109,0.088786154,No
"Newark, OH",0.923826918,0.024388873,688,0.939414807,0.837999931,771,0.4385,0.230814809,0.66891569,0.100269501,No
"New Bedford, MA",0.875460554,0.045056954,1579,0.953081527,0.775048953,833,0.4689,0.221180137,0.573720339,0.205099524,Yes
"New Haven, CT",0.838813293,0.048461763,6611,0.957912825,0.824369806,1140,0.4571,0.365701871,0.555337209,0.078960921,Yes
"New Orleans, LA",0.863614841,0.030865638,6569,0.906948417,0.762138752,956,0.5101,0.285398093,0.571786642,0.142815266,Yes
"New York--Newark, NY--NJ--CT",0.546397045,0.061565779,305950,0.928812167,0.84101451,1382,0.5164,0.397902221,0.463320745,0.138777034,Yes
"Norman, OK",0.888233252,0.035387018,2355,0.913146391,0.910882487,876,0.4492,0.430620419,0.504209174,0.065170407,No
"North Port--Port Charlotte, FL",0.903469118,0.002615807,712,0.859705078,0.795196642,1074,0.4116,0.212378396,0.680746811,0.106874793,No
"Norwich--New London, CT--RI",0.88497731,0.042148793,2352,0.956795764,0.860340048,1020,0.4543,0.335020658,0.57523869,0.089740652,No
"Ocala, FL",0.903156418,0.006936326,476,0.892818101,0.814367305,867,0.4629,0.237793488,0.624792125,0.137414387,No
"Odessa, TX",0.917373201,0.031590381,798,0.791076238,0.845431707,946,0.411,0.146355997,0.622441658,0.231202345,No
"Ogden--Layton, UT",0.899836734,0.012303786,9649,0.930518602,0.89705283,936,0.39,0.32405452,0.606716916,0.069228564,Yes
"Oklahoma City, OK",0.927661612,0.018976439,11946,0.865971485,0.841403794,859,0.4722,0.312808195,0.573594825,0.113596979,Yes
"Olympia--Lacey, WA",0.888253611,0.020521377,4043,0.955232326,0.894151909,1201,0.4122,0.38999805,0.560295466,0.049706483,No
"Omaha, NE--IA",0.918198835,0.019587802,19850,0.91473724,0.859787524,906,0.4409,0.373953177,0.532647096,0.093399726,No
"Orlando, FL",0.881209922,0.015050311,29365,0.876613738,0.867878956,1153,0.4909,0.356287249,0.553326665,0.090386086,Yes
"Oshkosh, WI",0.906161788,0.051623732,1197,0.945046517,0.873172011,732,0.4228,0.309997972,0.609409856,0.080592172,No
"Owensboro, KY",0.948971939,0.015467783,329,0.957159963,0.772657756,791,0.51,0.203379614,0.704959262,0.091661124,No
"Oxnard, CA",0.915523112,0.01348841,2682,0.873643117,0.872037873,1589,0.417,0.242916762,0.542373681,0.214709558,No
"Palm Bay--Melbourne, FL",0.880488745,0.008642669,6468,0.904915148,0.869079297,1042,0.4634,0.308484837,0.610619299,0.080895864,Yes
"Palm Coast--Daytona Beach--Port Orange, FL",0.886331193,0.010408598,2477,0.884692478,0.760793163,1041,0.4608,0.237930145,0.668400714,0.093669141,No
"Panama City, FL",0.932845227,0.001571949,1941,0.861156149,0.874006792,958,0.4563,0.243756351,0.665784267,0.090459383,No
"Parkersburg, WV--OH",0.935569099,0.031634199,384,0.940280102,0.800528861,712,0.4603,0.212484581,0.685479142,0.102036277,No
"Pensacola, FL--AL",0.888695693,0.025981579,2759,0.895143897,0.842292867,962,0.4425,0.269357577,0.636980153,0.093662271,No
"Peoria, IL",0.918530635,0.029301945,3436,0.946929206,0.785990329,732,0.4806,0.306135094,0.589564933,0.104299973,No
"Petaluma, CA",0.840326625,0.040400024,772,0.970493618,0.887190805,1869,0.4315,0.3780799,0.502886425,0.119033675,No
"Philadelphia, PA--NJ--DE--MD",0.793894861,0.037728845,103380,0.947275595,0.824533888,1079,0.5005,0.379659274,0.528597865,0.091742861,Yes
"Phoenix--Mesa, AZ",0.87217921,0.016309935,58532,0.895630457,0.868567204,1089,0.4639,0.321986597,0.555588555,0.122424848,Yes
"Pittsburgh, PA",0.829074202,0.035957766,35924,0.965533967,0.82948156,826,0.4769,0.390312629,0.554674577,0.055012793,Yes
"Pocatello, ID",0.869509478,0.036964684,689,0.922897559,0.838528936,690,0.4439,0.310523928,0.622522114,0.066953958,No
"Port Arthur, TX",0.939750787,0.015592907,437,0.777757971,0.741905782,792,0.4779,0.13754313,0.71180224,0.15065463,No
"Porterville, CA",0.941977237,0.023283493,112,0.937669301,0.837712441,964,0.4946,0.098616833,0.562219512,0.339163656,No
"Port Huron, MI",0.938071576,0.018554739,272,0.943918911,0.810630689,773,0.4635,0.203540115,0.714825884,0.081634001,No
"Portland, ME",0.823968877,0.070758452,3306,0.930718505,0.863793413,1070,0.4601,0.468403091,0.46636188,0.065235029,Yes
"Portland, OR--WA",0.780164523,0.033865632,46456,0.93592861,0.901951586,1254,0.4463,0.426519969,0.501701118,0.071778914,Yes
"Port St. Lucie, FL",0.904922665,0.019330935,1708,0.882155019,0.858615825,1164,0.4749,0.245515066,0.630948464,0.12353647,No
"Portsmouth, NH--ME",0.876930786,0.026361081,2059,0.964511253,0.894506949,1252,0.4784,0.534389887,0.420711773,0.04489834,No
"Pottstown, PA",0.905984956,0.02530713,1856,0.96835961,0.843939112,954,0.4344,0.313417826,0.604620879,0.081961295,No
"Poughkeepsie--Newburgh, NY--NJ",0.842291728,0.043535456,5862,0.955617228,0.844198754,1172,0.4404,0.337584195,0.570660598,0.091755207,Yes
"Prescott Valley--Prescott, AZ",0.88425522,0.019659164,609,0.94342122,0.863594879,979,0.4236,0.268623858,0.634687961,0.09668818,No
"Providence, RI--MA",0.891424363,0.034013053,16903,0.955985877,0.836692098,914,0.4699,0.321992428,0.553383975,0.124623598,Yes
"Provo--Orem, UT",0.846106534,0.039488994,15361,0.924125894,0.856555037,1017,0.4116,0.423496323,0.519878622,0.056625055,Yes
"Pueblo, CO",0.946229892,0.015018429,590,0.925217027,0.770975016,775,0.4588,0.203187003,0.700601966,0.09621103,No
"Racine, WI",0.918849249,0.010955599,1546,0.945945734,0.856851728,794,0.4513,0.254302213,0.645113422,0.100584365,No
"Raleigh, NC",0.874049634,0.010937097,42711,0.907018406,0.928191687,1112,0.4231,0.522578567,0.401864683,0.075556751,Yes
"Rapid City, SD",0.911473961,0.02267811,577,0.878875391,0.82598407,826,0.449,0.285996123,0.634763514,0.079240363,No
"Reading, PA",0.877482918,0.032536151,2602,0.946611407,0.836674552,863,0.4469,0.228994607,0.618659549,0.152345844,Yes
"Redding, CA",0.865083607,0.021245323,821,0.937103054,0.838670558,991,0.4895,0.227686924,0.678699001,0.093614074,No
"Reno, NV--CA",0.896295203,0.022856932,4009,0.899444311,0.826695595,967,0.4509,0.306578481,0.584153114,0.109268406,No
"Richmond, VA",0.890442134,0.019447006,23185,0.909060155,0.851262611,1062,0.4583,0.393958256,0.5064231,0.099618644,Yes
"Riverside--San Bernardino, CA",0.90575542,0.01600273,13370,0.913741341,0.857559992,1272,0.4283,0.199044556,0.579656836,0.221298608,Yes
"Roanoke, VA",0.878897446,0.038009289,2119,0.918708698,0.796277841,818,0.4767,0.286078698,0.601106692,0.112814609,Yes
"Rochester, MN",0.817595728,0.047001172,2576,0.967896852,0.877891811,981,0.4278,0.471239219,0.481339202,0.047421579,No
"Rochester, NY",0.891947574,0.029398512,12896,0.96489537,0.828547907,902,0.4722,0.372862975,0.531152319,0.095984706,Yes
"Rockford, IL",0.915570242,0.012808464,2966,0.94106875,0.835041708,772,0.4524,0.218195817,0.657114216,0.124689967,No
"Rock Hill, SC",0.932465699,0.016044346,1489,0.912309763,0.893027888,924,0.4534,0.323901517,0.581513465,0.094585018,No
"Round Lake Beach--McHenry--Grayslake, IL--WI",0.906453446,0.006542575,6799,0.953926289,0.911385504,1181,0.4045,0.316961228,0.609568737,0.073470034,Yes
"Sacramento, CA",0.870959802,0.016141173,38256,0.947687782,0.889295854,1246,0.4598,0.32366094,0.565239963,0.111099098,Yes
"Saginaw, MI",0.910602344,0.020902782,699,0.940475881,0.753382379,750,0.479,0.188644101,0.683549613,0.127806286,No
"St. Augustine, FL",0.884351166,0.028073782,680,0.876931609,0.797088649,1088,0.4931,0.33274,0.577284475,0.089975525,No
"St. Cloud, MN",0.903308051,0.030546959,1009,0.964267574,0.86586441,775,0.4383,0.346733814,0.575135307,0.078130879,No
"St. George, UT",0.87211999,0.011379153,761,0.879949857,0.852288755,966,0.4969,0.268882677,0.634828817,0.096288506,No
"St. Joseph, MO--KS",0.902170615,0.033207381,486,0.902580185,0.718078218,728,0.4556,0.181050292,0.700490877,0.118458831,No
"St. Louis, MO--IL",0.891007273,0.017216256,41140,0.932799211,0.849858263,884,0.4752,0.379087008,0.54479408,0.076118912,Yes
"Salem, OR",0.883796219,0.02073528,2973,0.914056561,0.874894913,974,0.4326,0.262464274,0.593480588,0.144055138,No
"Salinas, CA",0.811367109,0.013142118,774,0.879496781,0.85966965,1366,0.402,0.170468177,0.471381568,0.358150255,No
"Salisbury, MD--DE",0.896503525,0.024399268,1159,0.912870554,0.799718885,912,0.4463,0.286943821,0.560019475,0.153036704,No
"Salt Lake City--West Valley City, UT",0.863406116,0.02092947,26447,0.89866118,0.882209483,1069,0.4298,0.357382274,0.551354642,0.091263084,Yes
"San Angelo, TX",0.896670814,0.039684242,860,0.863937777,0.753376717,815,0.4562,0.229424139,0.661287142,0.109288719,No
"San Antonio, TX",0.89933659,0.014843406,30478,0.851887743,0.817393624,961,0.4639,0.284279109,0.570617829,0.145103062,No
"San Diego, CA",0.849449112,0.023998639,59462,0.923396276,0.902699667,1599,0.4647,0.391053849,0.484299646,0.124646505,Yes
"San Francisco--Oakland, CA",0.628258024,0.0602216,134373,0.952783171,0.891655596,1833,0.4877,0.49640319,0.382669568,0.120927243,Yes
"San Jose, CA",0.844481537,0.022255221,115374,0.958850143,0.920139605,2246,0.4585,0.528691875,0.357337379,0.113970746,Yes
"San Marcos, TX",0.855694817,0.082810016,628,0.827543407,0.747204648,946,0.412,0.362115814,0.495531671,0.142352515,No
"Santa Barbara, CA",0.745219269,0.081015193,5000,0.936238034,0.874220526,1836,0.4899,0.508577817,0.387023401,0.104398782,No
"Santa Clarita, CA",0.86315392,0.015442588,3966,0.948365468,0.936934929,1826,0.4025,0.372825466,0.545710357,0.081464176,Yes
"Santa Cruz, CA",0.778100105,0.048500232,4037,0.946996995,0.905069452,1798,0.4754,0.480387246,0.459617245,0.059995509,No
"Santa Fe, NM",0.913682702,0.022168797,821,0.862575888,0.818944159,997,0.453,0.39446992,0.497266847,0.108263233,No
"Santa Maria, CA",0.910982752,0.011295628,703,0.850364153,0.877243415,1359,0.3941,0.150430951,0.51225896,0.33731009,No
"Santa Rosa, CA",0.867023792,0.020761784,4134,0.939128137,0.900132286,1597,0.4353,0.349757586,0.54652811,0.103714304,No
"Sarasota--Bradenton, FL",0.887994534,0.011646775,3238,0.88886473,0.842290586,1158,0.4848,0.33770011,0.578914221,0.08338567,No
"Saratoga Springs, NY",0.87171885,0.034121406,495,0.977484834,0.890491153,1109,0.454,0.498281787,0.443014295,0.058703918,No
"Savannah, GA",0.876462254,0.029827385,1214,0.8476826,0.853003101,1023,0.475,0.320556766,0.562852383,0.116590851,No
"Scranton, PA",0.908729333,0.028010149,3864,0.956348443,0.780450381,759,0.4674,0.258751095,0.64618188,0.095067025,Yes
"Seaside--Monterey, CA",0.814831577,0.043576647,1904,0.928696287,0.893532383,1696,0.4288,0.419697344,0.474372994,0.105929662,No
"Seattle, WA",0.769798295,0.040235442,133462,0.943061696,0.909605784,1451,0.4568,0.438090159,0.487689472,0.074220369,Yes
"Sebastian--Vero Beach South--Florida Ridge, FL",0.889964169,0.0046868,865,0.905541281,0.809620719,934,0.5101,0.300891011,0.611191833,0.087917157,No
"Sheboygan, WI",0.891152597,0.029734848,727,0.939520348,0.843819969,714,0.4311,0.249065824,0.676836529,0.074097647,No
"Sherman, TX",0.930896105,0.02566085,347,0.822754639,0.787497455,871,0.4741,0.199159523,0.65953535,0.141305126,No
"Shreveport, LA",0.937882736,0.008633001,2159,0.923966667,0.640729499,804,0.5043,0.233007882,0.638571065,0.128421053,No
"Simi Valley, CA",0.900668087,0.011102744,2560,0.961474363,0.9136984,1935,0.3977,0.331998695,0.572177297,0.095824008,Yes
"Sioux City, IA--NE--SD",0.932084354,0.019255629,730,0.912600906,0.756489341,746,0.4414,0.214793448,0.593327348,0.191879204,No
"Sioux Falls, SD",0.921621115,0.017363136,3613,0.946170676,0.86438111,779,0.4377,0.335228971,0.607509115,0.057261914,No
"Slidell, LA",0.913351684,0.006016906,528,0.915770467,0.855049269,1034,0.4564,0.257580227,0.631658308,0.110761465,No
"South Bend, IN--MI",0.897861074,0.033241212,1880,0.91666883,0.803071692,774,0.4703,0.284657022,0.595662867,0.119680111,No
"South Lyon--Howell, MI",0.912271695,0.019057842,2656,0.972270336,0.909748079,1052,0.4151,0.438963025,0.524738429,0.036298546,No
"Spartanburg, SC",0.94309536,0.014737736,1430,0.895515176,0.793452661,801,0.4712,0.271891859,0.606678046,0.121430095,No
"Spokane, WA",0.883993327,0.023713589,3376,0.943641054,0.873481248,866,0.4589,0.306103712,0.628792348,0.065103939,No
"Springfield, IL",0.909533576,0.015256368,2885,0.96032491,0.796806845,795,0.4732,0.348076755,0.576053623,0.075869622,Yes
"Springfield, MA--CT",0.872579192,0.047393776,5731,0.968096441,0.811867195,925,0.4743,0.309592811,0.561241071,0.129166118,No
"Springfield, MO",0.909514879,0.033116314,4170,0.904096658,0.780598793,748,0.4622,0.326488695,0.590337989,0.083173316,No
"Springfield, OH",0.903735514,0.048889256,571,0.940115281,0.831557011,680,0.4549,0.184201505,0.676145283,0.139653213,No
"Spring Hill, FL",0.895634096,0.003135828,946,0.86937547,0.833092002,963,0.4221,0.183877499,0.704252088,0.111870413,No
"State College, PA",0.623666085,0.133173263,2583,0.971184644,0.851820088,985,0.5174,0.656503891,0.299131959,0.044364149,No
"Stockton, CA",0.93399964,0.008598956,1896,0.926148792,0.79777179,1052,0.4833,0.176481721,0.603777078,0.2197412,Yes
"Syracuse, NY",0.863031562,0.043155819,5261,0.96195358,0.775793917,835,0.4553,0.343380786,0.561763384,0.09485583,No
"Tallahassee, FL",0.89309752,0.029736252,5885,0.92494364,0.897018784,1028,0.4914,0.485736154,0.466742311,0.047521535,No
"Tampa--St. Petersburg, FL",0.878964855,0.012840885,41295,0.879129403,0.85125193,1087,0.4815,0.315497059,0.58784982,0.096653122,Yes
"Temple, TX",0.93166052,0.013479101,647,0.899014948,0.841220758,865,0.4219,0.30347923,0.607068313,0.089452457,No
"Terre Haute, IN",0.912245827,0.046751132,820,0.94323703,0.828725994,726,0.4714,0.21285175,0.638040494,0.149107756,No
"Texarkana--Texarkana, TX--AR",0.951584064,0.00628597,543,0.885294361,0.72169627,677,0.5135,0.248605741,0.639460088,0.11193417,No
"Texas City, TX",0.934416354,0.027610996,1351,0.839344144,0.796232052,945,0.4361,0.146365782,0.698496838,0.15513738,No
"Thousand Oaks, CA",0.862366115,0.010828077,3857,0.964057115,0.935278276,2091,0.4676,0.511122971,0.435227731,0.053649298,No
"Toledo, OH--MI",0.912942613,0.022614687,4176,0.94044135,0.826784026,705,0.4779,0.274734868,0.617643242,0.10762189,No
"Topeka, KS",0.931135542,0.024718009,3711,0.922264732,0.716309579,784,0.4048,0.340297273,0.597165174,0.062537553,No
"Tracy, CA",0.931694598,0.009337672,875,0.948870295,0.955161855,1695,0.4037,0.219215757,0.642380725,0.138403518,No
"Trenton, NJ",0.865618888,0.03083962,6700,0.907948866,0.781829384,1212,0.4716,0.350579028,0.520345046,0.129075926,Yes
"Tucson, AZ",0.861614724,0.026216157,9720,0.912851731,0.864946924,879,0.4787,0.331936089,0.555132882,0.112931029,Yes
"Tulsa, OK",0.925674441,0.012453517,8736,0.870547544,0.846108029,840,0.4694,0.306547664,0.591754714,0.101697622,No
"Turlock, CA",0.898784828,0.023166186,514,0.928384481,0.870624093,1112,0.458,0.19529816,0.577700768,0.227001072,No
"Tuscaloosa, AL",0.945278227,0.021765566,1221,0.936256108,0.794803798,828,0.4547,0.371459756,0.497332635,0.131207609,No
"Tyler, TX",0.923837191,0.008869009,911,0.817364066,0.882995512,893,0.4622,0.277895531,0.577175324,0.144929145,No
"Urban Honolulu, HI",0.771837719,0.065812821,8794,0.967852661,0.857719803,1676,0.4432,0.342463297,0.574538791,0.082997911,No
"Utica, NY",0.874277342,0.036825849,2023,0.94952415,0.797035323,727,0.473,0.251277953,0.60587034,0.142851707,No
"Vacaville, CA",0.933980164,0.009788702,845,0.953625785,0.921282464,1587,0.4002,0.218876275,0.644712609,0.136411116,No
"Valdosta, GA",0.959018111,0.004220925,1180,0.822828993,0.497196587,770,0.5583,0.306450154,0.541003257,0.152546589,No
"Vallejo, CA",0.879862131,0.014357319,2065,0.949233258,0.906119564,1512,0.4503,0.304430031,0.57994854,0.115621429,Yes
"Victoria, TX",0.918270284,0.01048218,432,0.820935742,0.721490958,903,0.4508,0.200788484,0.615865958,0.183345558,No
"Victorville--Hesperia, CA",0.920172028,0.005815617,1834,0.939489453,0.88802509,1141,0.4422,0.11915085,0.677840947,0.203008202,No
"Vineland, NJ",0.944435548,0.014914789,538,0.916916863,0.815820509,943,0.435,0.204545103,0.620658715,0.174796182,No
"Virginia Beach, VA",0.888835372,0.038635333,26859,0.909353952,0.847580173,1129,0.4442,0.317123575,0.599399237,0.083477187,Yes
"Visalia, CA",0.920176049,0.011490912,1099,0.926873595,0.814041091,947,0.445,0.182946597,0.60977758,0.207275823,No
"Waco, TX",0.920004803,0.025,699,0.846465001,0.775750275,831,0.4951,0.259122432,0.557808579,0.183068989,Yes
"Waldorf, MD",0.890868902,0.007025239,5005,0.966850325,0.910238362,1728,0.3662,0.330152374,0.598081023,0.071766603,Yes
"Warner Robins, GA",0.944851923,0.018314644,2629,0.863217353,0.858869163,893,0.4299,0.298446452,0.637519341,0.064034207,No
"Washington, DC--VA--MD",0.728710415,0.03672846,224151,0.920076405,0.90535379,1664,0.4482,0.53467564,0.370914493,0.094409867,Yes
"Waterbury, CT",0.905316473,0.015838014,1428,0.937236026,0.780406469,959,0.4554,0.230552131,0.607111566,0.162336303,No
"Waterloo, IA",0.903753047,0.03471483,1265,0.947232671,0.796299998,738,0.4603,0.279217247,0.611958887,0.108823866,No
"Watsonville, CA",0.834501851,0.036349412,189,0.935187081,0.788346231,1359,0.4402,0.111208771,0.509552667,0.379238562,No
"Wausau, WI",0.915608053,0.026075329,1194,0.943618331,0.852977425,679,0.4823,0.284983908,0.636285057,0.078731034,No
"Weirton--Steubenville, WV--OH--PA",0.924914889,0.025767561,191,0.94321727,0.823836852,675,0.4174,0.191459464,0.740817362,0.067723174,No
"Wenatchee, WA",0.900320676,0.016003836,522,0.914205067,0.836655998,894,0.4172,0.2462626,0.617439774,0.136297625,No
"West Bend, WI",0.932019165,0.026721424,683,0.959580176,0.847277323,836,0.3911,0.271108618,0.678239009,0.050652373,No
"Westminster--Eldersburg, MD",0.920123542,0.022285532,1899,0.967516256,0.895966745,1121,0.4316,0.426971869,0.482479998,0.090548133,No
"Wheeling, WV--OH",0.923191625,0.041782052,433,0.921282683,0.698768837,610,0.4692,0.226750076,0.687803231,0.085446694,No
"Wichita, KS",0.934910469,0.014255217,6064,0.899043945,0.82980611,798,0.4533,0.314597082,0.582215049,0.103187869,No
"Wichita Falls, TX",0.807499244,0.104384639,576,0.824601036,0.754594129,769,0.474,0.235800116,0.654611751,0.109588133,No
"Williamsburg, VA",0.87511346,0.041326285,1209,0.93876073,0.843842462,1138,0.4323,0.505513775,0.436980259,0.057505966,No
"Wilmington, NC",0.889130134,0.01154725,2134,0.900965173,0.824311211,940,0.4909,0.392805641,0.527778253,0.079416107,No
"Winchester, VA",0.869728521,0.068822668,1164,0.901644207,0.804262823,992,0.3824,0.299808247,0.561202773,0.138988979,No
"Winston-Salem, NC",0.916400838,0.016755276,5967,0.894911719,0.832741571,761,0.504,0.331663806,0.557503337,0.110832857,No
"Winter Haven, FL",0.922579208,0.012261262,1100,0.859516686,0.587772339,878,0.4531,0.177507558,0.646225813,0.176266629,No
"Worcester, MA--CT",0.869474617,0.032027541,9897,0.972937323,0.840355545,1004,0.4885,0.365354856,0.538574823,0.096070321,Yes
"Yakima, WA",0.920250942,0.018104639,641,0.904020897,0.819285596,788,0.4347,0.198686661,0.589186768,0.212126571,No
"York, PA",0.923985221,0.020067351,3166,0.940964677,0.819747143,949,0.4251,0.250716699,0.637667281,0.11161602,No
"Youngstown, OH--PA",0.934073012,0.014757794,2483,0.942226689,0.785423854,657,0.4747,0.218761972,0.688922691,0.092315337,No
"Yuba City, CA",0.904182801,0.008127622,556,0.920324675,0.829513614,985,0.4049,0.16592589,0.618311519,0.215762591,No
"Yuma, AZ--CA",0.939473587,0.017884057,399,0.912705164,0.823097181,900,0.4545,0.153963668,0.626913752,0.21912258,No
"Zephyrhills, FL",0.882918122,0.027646969,515,0.878839974,0.719155439,785,0.4507,0.153218337,0.669655184,0.177126479,No
